#OTU ID,A1,A2,A3,A4,A5,A6,A7,A8,A9,A10,A11,A12,A13,A14,A15,A16,A17,A18,A19,A20,A21,A22,A23,A24,A25,A26,A27,A28,A29,A30,A31,A32,A33,A34,A35,A36,A37,A38,A39,A40,A41,A42,A43,A44,A45,domain,phylum,class,order,family,genus,species,Occurrence frequency,season
OTU352,48,0,0,0,0,1,2,2,160,70,0,1,3,0,9,6,0,30,244,0,0,0,1,0,0,82,2,0,1,1,0,0,0,0,0,1119,0,0,0,0,0,0,0,0,0,d__Metazoa,p__Chordata,c__Actinopteri,o__Cypriniformes,f__Cyprinidae,g__Culter,s__Culter_alburnus,1782,autumn
OTU830,2,0,0,0,0,0,4,0,0,90,0,1,0,0,0,0,0,0,0,0,0,0,0,0,0,0,0,0,0,0,0,0,0,0,0,0,79,1,0,1,0,0,0,0,0,d__Metazoa,p__Chordata,c__Actinopteri,o__Cypriniformes,f__Cyprinidae,g__Hemiculter,s__Hemiculter_tchangi,178,autumn
OTU231,4,0,0,0,0,2,2,0,146,0,1,0,0,0,1,1,0,0,33,0,0,0,0,0,0,0,0,0,0,0,0,0,0,0,0,632,135,0,0,1,0,0,0,0,0,d__Metazoa,p__Chordata,c__Actinopteri,o__Cypriniformes,f__Cyprinidae,g__Chanodichthys,s__Chanodichthys_ilishaeformis,958,autumn
OTU435,2,0,0,2,0,0,0,1,0,0,0,0,0,0,0,0,0,30,0,0,0,1,0,1,0,50,3,3,0,0,0,0,0,0,1,324,0,0,0,0,0,0,0,0,0,d__Metazoa,p__Chordata,c__Actinopteri,o__Cypriniformes,f__Cyprinidae,g__Megalobrama,s__Megalobrama_amblycephala,418,autumn
OTU62,1,60,9,0,2,2,13,16,312,155,1,0,0,0,2,4,0,21,601,1,0,10,0,0,0,47,1,0,0,0,0,0,0,9,31,8066,2580,0,2,10,6,10,8,5,2,d__Metazoa,p__Chordata,c__Actinopteri,o__Cypriniformes,f__Cyprinidae,g__Hypophthalmichthys,s__Hypophthalmichthys_nobilis,11987,autumn
OTU595,1,0,0,0,0,0,0,0,0,0,0,0,0,0,0,1,0,0,0,0,0,0,0,0,0,0,0,0,0,0,0,0,0,0,0,171,0,0,0,0,0,0,0,0,0,d__Metazoa,p__Chordata,c__Actinopteri,o__Cypriniformes,f__Acheilognathidae,g__Acheilognathus,s__Acheilognathus_barbatus,173,autumn
OTU200,2,2,13,0,3,1,13,3,325,0,4,0,127,3,78,20,3,493,233,1,1,1,1,1,2,62,3,2,0,0,0,0,1,0,0,75,0,0,0,1,0,0,0,0,0,d__Metazoa,p__Chordata,c__Actinopteri,o__Cypriniformes,f__Cyprinidae,g__Gymnocypris,s__Gymnocypris_przewalskii,1474,autumn
OTU7786,2,0,0,0,0,1,0,0,0,0,0,0,0,0,0,0,0,0,0,1,0,0,0,0,0,0,0,0,0,0,0,0,0,0,0,392,0,0,0,1,0,0,0,0,0,d__Metazoa,p__Chordata,c__Actinopteri,o__Cypriniformes,f__Cyprinidae,g__Parabramis,s__Parabramis_pekinensis,397,autumn
OTU4540,0,15,0,0,0,0,0,0,0,0,0,0,0,0,0,0,0,0,0,0,0,0,1,0,0,0,0,0,0,0,0,0,0,0,0,0,0,1,0,0,0,0,0,0,0,d__Metazoa,p__Chordata,c__Actinopteri,o__Anabantiformes,f__Channidae,g__Channa,s__Channa_argus,17,autumn
OTU8454,0,0,0,2,0,0,0,0,0,0,0,0,0,0,0,0,0,0,0,0,0,0,0,0,0,0,0,0,0,0,0,0,1,0,0,0,0,0,0,0,0,0,0,0,0,d__Metazoa,p__Chordata,c__Actinopteri,o__Cypriniformes,f__Cyprinidae,g__Xenocypris,s__Xenocypris_yunnanensis,3,autumn
OTU2308,0,0,0,0,0,0,0,0,0,0,0,0,0,0,0,0,0,0,0,0,0,0,0,0,0,0,0,0,0,0,0,0,0,0,1,32,0,0,0,0,0,0,0,0,0,d__Metazoa,p__Chordata,c__Actinopteri,o__Beloniformes,f__Hemiramphidae,g__Hyporhamphus,s__Hyporhamphus_intermedius,33,autumn
OTU6319,0,0,0,0,0,0,0,0,0,0,0,0,0,0,0,0,0,0,0,0,0,0,0,0,0,0,0,0,0,0,0,0,0,0,0,4,0,0,0,0,0,0,0,0,0,d__Metazoa,p__Chordata,c__Actinopteri,o__Clupeiformes,f__Engraulidae,g__Coilia,s__Coilia_grayii,4,autumn
OTU7739,0,0,0,0,0,0,0,0,0,0,0,0,0,0,0,0,0,0,0,0,0,0,0,0,0,0,0,0,0,0,0,0,0,0,0,5,0,0,0,0,0,0,0,0,0,d__Metazoa,p__Chordata,c__Actinopteri,o__Cypriniformes,f__Cyprinidae,g__Hypophthalmichthys,s__Hypophthalmichthys_nobilis,5,autumn
OTU7797,0,0,0,0,0,0,0,0,0,0,0,0,0,0,0,0,0,0,0,0,0,0,0,0,0,0,0,0,0,0,0,0,0,0,0,4,1,0,0,0,0,0,0,0,0,d__Metazoa,p__Chordata,c__Actinopteri,o__Cypriniformes,f__Cyprinidae,g__Ctenopharyngodon,s__Ctenopharyngodon_idella,5,autumn
OTU755,0,1,0,0,0,0,0,0,0,0,0,0,0,0,0,0,0,0,0,1,0,0,0,0,0,0,2,1,0,0,0,0,0,0,0,163,0,0,0,0,0,0,0,0,0,d__Metazoa,p__Chordata,c__Actinopteri,o__Cypriniformes,f__Cyprinidae,g__Chanodichthys,s__Chanodichthys_dabryi,168,autumn
OTU391,0,0,0,3,0,0,0,0,0,9,0,0,0,0,0,0,0,213,0,0,0,0,2,1,1,67,2,0,0,0,0,0,0,0,0,194,0,0,1,2,0,0,0,1,0,d__Metazoa,p__Chordata,c__Actinopteri,o__Osmeriformes,f__Salangidae,g__Protosalanx,s__Protosalanx_chinensis,496,autumn
OTU191,0,0,0,0,1,2,0,0,0,0,0,0,0,0,0,0,0,0,0,0,0,0,0,0,0,0,0,0,0,0,0,0,0,0,0,1331,0,7,0,0,0,0,0,0,0,d__Metazoa,p__Chordata,c__Actinopteri,o__Mugiliformes,f__Mugilidae,g__Mugil,s__Mugil_cephalus,1341,autumn
OTU73,0,0,0,0,1,0,0,0,0,0,0,0,1,0,1,0,0,0,181,0,0,1,1,0,1,0,0,0,0,0,0,0,0,0,2,5540,294,0,1,3,0,0,3,4,0,d__Metazoa,p__Chordata,c__Actinopteri,o__Clupeiformes,f__Engraulidae,g__Coilia,s__Coilia_brachygnathus,6034,autumn
OTU926,0,0,0,0,0,2,9,0,0,0,0,0,0,0,0,0,0,0,0,0,0,1,0,0,0,0,0,1,0,0,0,0,0,0,0,81,0,0,0,0,0,1,0,2,0,d__Metazoa,p__Chordata,c__Actinopteri,o__Cypriniformes,f__Cyprinidae,g__Elopichthys,s__Elopichthys_bambusa,97,autumn
OTU288,0,0,0,0,0,1,3,3,128,52,0,0,0,0,0,0,0,0,0,0,0,1,3,0,0,0,5,1,3,0,0,0,0,0,0,544,225,4,0,0,1,0,2,0,1,d__Metazoa,p__Chordata,c__Actinopteri,o__Cypriniformes,f__Cyprinidae,g__Carassius,s__Carassius_auratus,977,autumn
OTU504,0,0,0,0,0,0,10,0,0,0,0,0,0,0,0,0,0,0,0,0,0,0,0,0,0,0,0,0,0,0,0,0,0,0,0,262,0,0,0,0,0,0,0,0,0,d__Metazoa,p__Chordata,c__Actinopteri,o__Cypriniformes,f__Cyprinidae,g__Pseudobrama,s__Pseudobrama_simoni,272,autumn
OTU746,0,0,0,0,0,0,0,0,111,0,0,0,0,0,1,0,0,0,0,0,0,0,0,0,0,0,0,0,0,0,0,0,0,0,0,48,0,2,0,0,0,0,0,0,0,d__Metazoa,p__Chordata,c__Actinopteri,o__Siluriformes,f__Siluridae,g__Silurus,s__Silurus_soldatovi,162,autumn
OTU880,0,0,0,0,0,0,0,0,0,67,0,7,0,0,0,0,0,0,51,0,0,2,0,0,0,0,0,0,0,0,0,0,0,0,13,1748,0,0,0,1,0,0,1,0,1,d__Metazoa,p__Chordata,c__Actinopteri,o__Cypriniformes,f__Cyprinidae,g__Hypophthalmichthys,s__Hypophthalmichthys_molitrix,1891,autumn
OTU178,0,0,0,0,0,0,0,0,0,0,0,0,0,0,0,0,0,82,0,0,0,0,1,0,2,0,0,1,0,0,0,0,0,0,0,1557,67,1,0,0,0,0,0,0,0,d__Metazoa,p__Chordata,c__Actinopteri,o__Cypriniformes,f__Cyprinidae,g__Ancherythroculter,s__Ancherythroculter_wangi,1711,autumn
OTU387,0,0,0,0,0,0,0,0,0,0,0,0,0,0,0,0,0,0,203,0,0,0,0,0,0,0,0,0,0,0,0,0,0,0,0,171,0,0,1,0,0,0,0,1,0,d__Metazoa,p__Chordata,c__Actinopteri,o__Cypriniformes,f__Cyprinidae,g__Hemibarbus,s__Hemibarbus_labeo,376,autumn
OTU933,0,0,0,0,0,0,0,0,0,0,0,0,0,0,0,0,0,0,73,0,0,0,0,0,0,0,0,0,0,0,0,0,0,0,0,0,0,0,0,0,0,0,0,0,0,d__Metazoa,p__Chordata,c__Actinopteri,o__Cypriniformes,f__Cyprinidae,g__Paracanthobrama,s__Paracanthobrama_guichenoti,73,autumn
OTU650,0,0,0,0,0,0,0,0,0,0,0,0,0,0,0,0,0,0,0,0,0,0,0,2,0,0,1,1,0,0,0,0,0,0,0,0,162,0,0,0,0,0,1,0,0,d__Metazoa,p__Chordata,c__Actinopteri,o__Centrarchiformes,f__Sinipercidae,g__Siniperca,s__Siniperca_chuatsi_x_Siniperca_scherzeri,167,autumn
OTU801,0,0,0,0,0,0,0,0,0,0,0,0,0,0,0,0,0,0,0,0,0,0,0,0,0,102,0,0,0,0,0,0,0,0,0,0,0,0,0,0,0,0,0,0,0,d__Metazoa,p__Chordata,c__Actinopteri,o__Siluriformes,f__Bagridae,g__Leiocassis,s__Leiocassis_longirostris,102,autumn
OTU101,0,0,0,0,0,0,0,0,0,0,0,0,0,0,0,0,0,0,0,0,0,0,0,0,0,0,0,0,0,0,0,0,0,1,56,3525,1041,6,0,0,1,1,4,0,3,d__Metazoa,p__Chordata,c__Actinopteri,o__Cypriniformes,f__Cyprinidae,g__Ctenopharyngodon,s__Ctenopharyngodon_idella,4638,autumn
OTU244,0,0,0,0,0,0,0,0,0,0,0,0,0,0,0,0,0,0,0,0,0,0,0,0,0,0,0,0,0,0,0,0,0,0,0,804,0,0,0,0,0,0,0,0,0,d__Metazoa,p__Chordata,c__Actinopteri,o__Gobiiformes,f__Gobiidae,g__Mugilogobius,s__Mugilogobius_myxodermus,804,autumn
OTU1297,0,0,0,0,0,0,0,0,0,0,0,0,0,0,0,0,0,0,0,0,0,0,0,0,0,0,0,0,0,0,0,0,0,0,0,43,0,0,0,0,0,0,0,0,0,d__Metazoa,p__Chordata,c__Actinopteri,o__Siluriformes,f__Bagridae,g__Tachysurus,s__Tachysurus_nitidus,43,autumn
OTU838,0,0,0,0,0,0,0,0,0,0,0,0,0,0,0,0,0,0,0,0,0,0,0,0,0,0,0,0,0,0,0,0,0,0,0,0,112,0,0,0,0,0,0,0,0,d__Metazoa,p__Chordata,c__Actinopteri,o__Gobiiformes,f__Gobiidae,g__Rhinogobius,s__Rhinogobius_cliffordpopei,112,autumn
OTU16,282,1,0,0,0,0,0,0,0,0,0,0,0,0,0,0,0,0,422,432,477,1338,2338,1214,410,419,201,250,136,649,7145,0,0,0,0,0,0,0,0,0,0,0,0,0,823,d__Metazoa,p__Chordata,c__Actinopteri,o__Cypriniformes,f__Cyprinidae,g__Elopichthys,s__Elopichthys_bambusa,16537,winter
OTU1,8437,23172,5403,13478,948,894,4558,3132,1953,7916,621,5052,15826,12916,14897,549,965,1812,2440,3026,2851,8284,13055,11921,7720,3707,4522,2227,11191,8395,2652,3430,2062,5138,355,0,327,274,199,349,16232,4451,2294,6,2476,d__Metazoa,p__Chordata,c__Actinopteri,o__Cypriniformes,f__Cyprinidae,g__Carassius,s__Carassius_auratus,242113,winter
OTU7,571,2428,293,0,0,89,3795,748,2105,4083,1014,1460,16908,18966,20512,1355,2902,2519,778,729,1306,760,1,593,536,798,772,1,0,1,0,0,0,1,0,0,628,0,0,0,0,0,0,0,0,d__Metazoa,p__Chordata,c__Actinopteri,o__Cypriniformes,f__Cyprinidae,g__Toxabramis,s__Toxabramis_swinhonis,86652,winter
OTU155,880,1947,360,6,6,1,137,272,253,2666,560,1385,1156,364,473,383,56,24,4235,4908,2939,3700,4650,2792,15233,6209,4413,4479,301,9548,8071,11487,9784,10004,1806,0,76,2,80,17813,13550,4081,4374,986,745,d__Metazoa,p__Chordata,c__Actinopteri,o__Cypriniformes,f__Cyprinidae,g__Cyprinus,s__Cyprinus_carpio,157195,winter
OTU10,349,0,58,0,0,246,0,0,0,655,0,0,20,320,0,0,0,0,553,544,383,622,791,475,0,8089,6432,456,0,0,0,0,942,0,414,5760,0,0,0,0,6,2788,2783,1045,995,d__Metazoa,p__Chordata,c__Actinopteri,o__Centrarchiformes（Perciformes),f__Sinipercidae（Percichthyidae）,g__Siniperca,s__Siniperca_chuatsi_x_Siniperca_scherzeri,34726,winter
OTU12,178,0,53,0,0,0,2769,1798,3752,377,494,283,1949,2164,2391,184,559,529,2556,1780,2853,1495,1109,730,595,506,381,258,45,0,379,687,0,0,0,0,0,0,0,0,0,0,1284,0,0,d__Metazoa,p__Chordata,c__Actinopteri,o__Cypriniformes,f__Cyprinidae,g__Pseudobrama,s__Pseudobrama_simoni,32138,winter
OTU4,382,2054,172,0,0,0,1839,1852,4168,0,146,2693,19,418,63,395,1574,830,5891,6434,5365,3296,2396,1901,5415,2848,3795,703,1322,16354,12834,19728,23215,722,55,0,0,0,158,0,0,0,3339,0,433,d__Metazoa,p__Chordata,c__Actinopteri,o__Cypriniformes,f__Cyprinidae,g__Ancherythroculter,s__Ancherythroculter_wangi,132809,winter
OTU3,163,1,0,13,0,92,1299,8317,2953,87,256,0,177,8,0,13987,1825,11545,18820,19525,21961,2755,5133,2332,5174,4794,4787,1323,1806,852,820,1,3093,0,0,0,0,0,0,2,0,0,737,0,0,d__Metazoa,p__Chordata,c__Actinopteri,o__Clupeiformes,f__Engraulidae,g__Coilia,s__Coilia_brachygnathus,134638,winter
OTU19,209,0,0,72,2,171,102,83,0,170,0,0,184,238,710,0,0,91,0,0,0,103,0,55,0,0,97,0,0,0,0,0,0,383,703,428,56,0,846,5431,4,0,0,0,466,d__Metazoa,p__Chordata,c__Actinopteri,o__Cypriniformes,f__Cyprinidae,g__Pseudorasbora,s__Pseudorasbora_parva,10604,winter
OTU5,222,257,148,554,1051,116,516,76,448,354,196,431,9193,5709,5972,129,1,147,1126,245,399,3907,5079,3957,1710,2317,2030,2272,1213,1597,1268,623,3672,417,564,3343,1411,0,146,4,1,3982,2921,47670,2707,d__Metazoa,p__Chordata,c__Actinopteri,o__Cypriniformes,f__Cyprinidae,g__Hypophthalmichthys,s__Hypophthalmichthys_nobilis,120101,winter
OTU8,144,0,0,0,0,0,2010,1447,955,2952,160,1260,0,0,0,6900,5742,8867,767,1537,252,909,2876,389,931,2682,1073,1045,53,0,0,0,0,586,1,0,0,0,0,1,0,0,2114,2455,0,d__Metazoa,p__Chordata,c__Actinopteri,o__Beloniformes,f__Hemiramphidae,g__Hyporhamphus,s__Hyporhamphus_intermedius,48108,winter
OTU17,122,0,0,0,0,0,0,0,0,1184,220,0,0,0,1,185,174,0,797,920,718,568,2738,1334,248,1043,1262,521,0,561,967,0,0,382,53,0,0,0,0,3,0,1918,0,0,0,d__Metazoa,p__Chordata,c__Actinopteri,o__Cypriniformes,f__Cyprinidae,g__Hemibarbus,s__Hemibarbus_labeo,15919,winter
OTU2141,106,1375,77,0,0,0,0,0,0,0,0,0,433,350,295,0,0,0,72,191,101,2,246,48,656,240,388,0,108,0,0,0,0,0,0,0,0,0,0,6,0,0,684,1,0,d__Metazoa,p__Chordata,c__Actinopteri,o__Cypriniformes,f__Cyprinidae,g__Megalobrama,s__Megalobrama_amblycephala,5379,winter
OTU24,117,0,0,39,0,46,116,0,0,0,5,0,12,355,12,254,0,0,253,158,635,251,1314,1592,624,1262,716,337,265,710,0,598,0,0,332,0,0,0,0,0,0,0,373,0,697,d__Metazoa,p__Chordata,c__Actinopteri,o__Siluriformes,f__Bagridae,g__Tachysurus,s__Tachysurus_fulvidraco,11073,winter
OTU36,90,597,85,0,0,0,0,0,0,360,0,0,25,0,20,0,0,0,0,0,0,197,0,0,144,457,465,0,0,0,0,0,0,0,0,0,0,0,0,0,0,0,0,0,0,d__Metazoa,p__Chordata,c__Actinopteri,o__Cypriniformes,f__Cyprinidae,g__Abbottina,s__Abbottina_rivularis,2440,winter
OTU14,132,289,112,7105,2133,521,667,103,610,0,197,604,426,432,271,67,0,129,276,92,144,401,187,517,0,494,0,0,0,0,0,0,907,0,247,0,0,0,0,0,0,0,0,1867,0,d__Metazoa,p__Chordata,c__Actinopteri,o__Gobiiformes,f__Gobiidae,g__Rhinogobius,s__Rhinogobius_similis,18930,winter
OTU103,114,0,0,0,0,37,0,0,0,0,0,0,0,0,0,0,0,0,0,0,0,0,0,0,0,0,0,0,0,0,0,0,0,0,0,0,0,0,0,0,0,0,383,0,0,d__Metazoa,p__Chordata,c__Actinopteri,o__Cypriniformes,f__Cobitidae,g__Misgurnus,s__Misgurnus_anguillicaudatus,534,winter
OTU27,54,0,0,0,0,0,0,0,0,0,0,0,0,0,0,0,0,0,0,0,30,0,0,0,0,404,1216,17,368,699,0,0,0,2156,0,0,0,0,0,0,0,0,0,0,0,d__Metazoa,p__Chordata,c__Actinopteri,o__Cypriniformes,f__Acheilognathidae,g__Rhodeus,s__Rhodeus_ocellatus,4944,winter
OTU58,41,332,0,0,0,0,0,0,0,0,0,0,0,0,0,96,0,0,0,0,0,0,0,0,0,0,0,0,0,587,0,0,0,0,0,0,0,0,0,0,0,0,0,0,0,d__Metazoa,p__Chordata,c__Actinopteri,o__Cypriniformes,f__Acheilognathidae,g__Acheilognathus,s__Acheilognathus_typus,1056,winter
OTU709,47,0,0,0,18,0,0,0,0,0,0,120,0,0,27,184,0,0,248,263,148,217,754,405,552,483,685,173,0,0,0,0,1353,0,0,0,0,0,0,0,0,0,1451,0,0,d__Metazoa,p__Chordata,c__Actinopteri,o__Cypriniformes,f__Cyprinidae,g__Culter,s__Culter_alburnus,7128,winter
OTU125,79,0,0,0,0,0,0,0,0,0,126,0,0,0,0,0,0,0,21,0,0,0,0,0,0,0,105,0,0,0,0,0,0,0,0,0,0,0,0,0,0,0,0,0,0,d__Metazoa,p__Chordata,c__Actinopteri,o__Cyprinodontiformes,f__Oryziatidae,g__Oryzias,s__Oryzias_latipes,331,winter
OTU588,25,35,14,5,1,0,1,5,7,41,14,21,28,7,11,7,1,1,91,67,56,53,106,46,244,129,77,74,10,116,191,221,132,77,15,0,1,0,2,71,2,64,63,11,19,d__Metazoa,p__Chordata,c__Actinopteri,o__Cypriniformes,f__Cyprinidae,g__Cyprinus,s__Cyprinus_carpio,2162,winter
OTU135,24,95,18,2,0,2,66,26,24,90,8,33,299,343,286,4,14,25,28,44,45,42,39,41,53,22,34,3,42,40,20,20,20,1,1,0,6,0,0,0,0,18,11,0,3,d__Metazoa,p__Chordata,c__Actinopteri,o__Cypriniformes,f__Cyprinidae,g__Toxabramis,s__Toxabramis_swinhonis,1892,winter
OTU2280,7,37,3,0,0,0,13,10,7,0,0,9,17,15,15,0,2,2,39,47,40,34,15,16,53,17,15,1,21,73,45,77,69,2,0,0,2,0,0,1,0,0,16,0,0,d__Metazoa,p__Chordata,c__Actinopteri,o__Cypriniformes,f__Cyprinidae,g__Parabramis,s__Parabramis_pekinensis,720,winter
OTU819,9,26,12,31,0,2,4,4,1,35,1,5,113,91,87,0,4,2,7,15,11,58,45,55,19,16,13,9,21,6,13,2,4,0,0,0,5,0,1,0,0,14,6,0,11,d__Metazoa,p__Chordata,c__Actinopteri,o__Cypriniformes,f__Cyprinidae,g__Cyprinus,s__Cyprinus_carpio,758,winter
OTU229,2,0,0,0,0,0,1,2,3,0,0,0,0,0,0,12,1,7,49,39,53,13,13,6,10,9,19,8,4,5,4,0,11,0,0,0,0,0,0,0,0,0,1,0,0,d__Metazoa,p__Chordata,c__Actinopteri,o__Clupeiformes,f__Engraulidae,g__Coilia,s__Coilia_grayii,272,winter
OTU2561,1,0,0,0,0,0,0,0,0,0,0,0,0,0,0,0,0,0,0,0,0,0,0,0,0,0,0,0,0,0,0,0,0,0,0,0,0,0,0,0,0,0,0,2,0,d__Metazoa,p__Chordata,c__Actinopteri,o__Gobiiformes,f__Gobiidae,g__Rhinogobius,s__Rhinogobius_similis,3,winter
OTU746,3,0,0,0,0,0,0,0,0,0,0,0,0,0,0,0,0,0,8,3,3,11,21,9,7,1,3,1,0,3,39,0,0,0,0,0,0,0,0,0,0,0,0,0,2,d__Metazoa,p__Chordata,c__Actinopteri,o__Cypriniformes,f__Cyprinidae,g__Elopichthys,s__Elopichthys_bambusa,114,winter
OTU956,2,1,0,0,0,0,0,0,0,5,1,0,0,0,0,0,0,0,4,8,4,1,14,11,4,7,8,2,0,4,2,0,0,0,0,0,0,0,0,4,0,9,0,0,0,d__Metazoa,p__Chordata,c__Actinopteri,o__Cypriniformes,f__Cyprinidae,g__Carassius,s__Carassius_auratus,91,winter
OTU1195,1,0,0,0,0,0,0,0,0,6,2,0,0,0,0,1,2,0,4,10,13,3,14,4,3,4,7,0,0,3,5,0,0,0,0,0,0,0,0,0,0,4,0,0,0,d__Metazoa,p__Chordata,c__Actinopteri,o__Cypriniformes,f__Cyprinidae,g__Hemiculter,s__Hemiculter_leucisculus,86,winter
OTU1224,1,0,0,0,0,0,0,0,1,0,0,0,0,0,0,1,0,1,0,0,0,0,0,0,0,0,0,0,0,0,0,0,0,0,0,0,0,0,0,0,0,0,1,6,0,d__Metazoa,p__Chordata,c__Actinopteri,o__Beloniformes,f__Hemiramphidae,g__Hyporhamphus,s__Hyporhamphus_intermedius,11,winter
OTU2412,1,0,0,0,0,0,0,0,0,1,0,1,1,0,0,0,0,0,0,1,1,0,0,0,5,0,1,1,1,0,2,3,3,0,1,0,0,0,0,13,1,1,1,0,0,d__Metazoa,p__Chordata,c__Actinopteri,o__Cypriniformes,f__Cyprinidae,g__Cyprinus,s__Cyprinus_carpio,39,winter
OTU9,1,160,0,0,0,0,0,32,0,0,11,1067,22,138,61,36,4,5,234,202,94,197,136,235,539,465,661,1045,184,3096,9,1430,139,105,256,0,3,1202,0,23737,1,4147,890,0,0,d__Metazoa,p__Chordata,c__Actinopteri,o__Cypriniformes,f__Cyprinidae,g__Parabramis,s__Parabramis_pekinensis,40544,winter
OTU1219,1,0,0,0,0,0,0,0,0,0,0,0,0,1,0,0,0,0,1,1,1,1,3,1,0,2,0,1,0,1,0,1,0,0,0,0,0,0,0,0,0,0,0,0,1,d__Metazoa,p__Chordata,c__Actinopteri,o__Siluriformes,f__Bagridae,g__Tachysurus,s__Tachysurus_fulvidraco,16,winter
OTU2155,2,3,2,2,0,0,3,1,1,8,0,1,1,2,5,0,0,0,0,0,1,1,1,1,0,0,1,1,5,2,1,2,1,3,0,0,0,0,0,0,3,1,1,0,1,d__Metazoa,p__Chordata,c__Actinopteri,o__Cypriniformes,f__Cyprinidae,g__Carassius,s__Carassius_auratus,57,winter
OTU2355,0,770,0,0,0,0,0,0,0,0,0,0,0,0,0,0,0,0,0,276,149,90,441,0,359,50,1750,170,44,735,0,0,1124,0,0,0,156,0,0,0,0,0,0,0,0,d__Metazoa,p__Chordata,c__Actinopteri,o__Cypriniformes,f__Cyprinidae,g__Mylopharyngodon,s__Mylopharyngodon_piceus,6114,winter
OTU88,0,584,0,0,0,0,0,0,0,0,0,0,0,0,0,0,0,0,0,80,0,0,198,0,149,160,0,0,0,0,0,0,0,0,0,0,0,0,0,0,0,0,0,0,0,d__Metazoa,p__Chordata,c__Actinopteri,o__Cypriniformes,f__Acheilognathidae,g__Rhodeus,s__Rhodeus_uyekii,1171,winter
OTU18,0,411,232,785,23,0,348,88,0,2949,98,0,401,423,1316,396,2016,412,375,160,125,0,451,57,0,1,0,178,0,0,0,0,0,0,0,0,1477,0,0,0,0,0,0,0,0,d__Metazoa,p__Chordata,c__Actinopteri,o__Cypriniformes,f__Cyprinidae,g__Chanodichthys,s__Chanodichthys_ilishaeformis,12722,winter
OTU61,0,353,0,0,0,109,0,0,0,0,0,0,79,34,13,0,0,0,0,0,0,0,436,79,0,0,134,0,0,0,0,0,0,0,0,0,881,0,0,0,0,0,0,0,0,d__Metazoa,p__Chordata,c__Actinopteri,o__Gobiiformes,f__Odontobutidae,g__Micropercops,s__Micropercops_swinhonis,2118,winter
OTU2182,0,364,0,0,0,0,0,222,0,0,271,0,0,1,0,3749,76,52,265,561,269,825,1235,1115,665,231,355,112,0,782,319,0,0,0,0,0,0,0,0,0,0,0,19,0,0,d__Metazoa,p__Chordata,c__Actinopteri,o__Cypriniformes,f__Cyprinidae,g__Ancherythroculter,s__Ancherythroculter_wangi,11488,winter
OTU2164,1,0,0,0,0,0,1,2,0,5,0,0,3,4,5,0,0,1,0,0,0,0,0,1,0,0,0,0,0,0,0,0,0,0,0,0,0,0,0,126,0,0,0,0,0,d__Metazoa,p__Chordata,c__Actinopteri,o__Cypriniformes,f__Cyprinidae,g__Pseudobrama,s__Pseudobrama_simoni,149,winter
OTU158,0,1742,0,0,0,0,0,0,1,0,0,0,0,117,0,2,0,0,299,97,57,535,1604,1217,817,278,3053,9450,312,16348,6,0,6,0,0,0,0,0,110,0,3,0,1772,0,0,d__Metazoa,p__Chordata,c__Actinopteri,o__Cypriniformes,f__Cyprinidae,g__Ctenopharyngodon,s__Ctenopharyngodon_idella,37826,winter
OTU51,0,354,0,0,0,0,0,0,0,0,0,0,0,0,0,0,0,0,44,66,0,307,0,332,0,109,602,0,0,0,0,0,0,0,0,0,0,0,0,0,0,0,0,0,0,d__Metazoa,p__Chordata,c__Actinopteri,o__Cypriniformes,f__Acheilognathidae,g__Acheilognathus,s__Acheilognathus_yamatsutae,1814,winter
OTU21,0,295,0,6573,2555,1218,0,0,0,500,0,0,283,155,0,230,0,0,69,36,36,499,294,0,331,421,721,0,0,0,0,0,0,0,0,0,0,0,0,0,0,0,0,0,0,d__Metazoa,p__Chordata,c__Actinopteri,o__Gobiiformes,f__Gobiidae,g__Rhinogobius,s__Rhinogobius_cliffordpopei,14216,winter
OTU1841,0,18,0,0,0,0,0,0,0,3,0,0,2,0,0,0,0,0,0,7,2,3,5,0,22,3,42,2,0,8,0,0,15,0,0,0,0,0,0,0,0,0,0,0,0,d__Metazoa,p__Chordata,c__Actinopteri,o__Cypriniformes,f__Cyprinidae,g__Mylopharyngodon,s__Mylopharyngodon_piceus,132,winter
OTU2341,0,7,0,0,0,0,0,0,0,3,0,0,0,0,0,0,0,0,0,0,0,3,0,0,5,11,7,0,0,0,0,0,0,0,0,0,0,0,0,7,0,0,0,0,0,d__Metazoa,p__Chordata,c__Actinopteri,o__Cypriniformes,f__Cyprinidae,g__Abbottina,s__Abbottina_rivularis,43,winter
OTU2387,0,2,0,0,0,0,0,0,0,0,0,0,0,0,0,0,0,0,0,0,0,0,0,0,0,0,0,0,0,0,0,0,0,0,0,0,0,0,0,0,0,0,0,0,0,d__Metazoa,p__Chordata,c__Actinopteri,o__Cypriniformes,f__Acheilognathidae,g__Acheilognathus,s__Acheilognathus_rhombeus,2,winter
OTU2396,0,2,0,0,0,0,0,0,0,0,0,0,0,0,0,0,0,0,0,0,0,0,0,0,0,0,0,0,0,0,0,0,0,0,0,0,0,0,0,0,0,0,0,0,0,d__Metazoa,p__Chordata,c__Actinopteri,o__Cypriniformes,f__Cyprinidae,g__Abbottina,s__Abbottina_rivularis,2,winter
OTU2338,0,3,0,0,0,0,0,2,0,0,0,0,0,0,0,0,0,0,0,0,0,0,2,0,2,2,0,0,0,0,0,0,0,0,0,0,0,0,0,0,0,0,0,0,0,d__Metazoa,p__Chordata,c__Actinopteri,o__Cypriniformes,f__Acheilognathidae,g__Rhodeus,s__Rhodeus_uyekii,11,winter
OTU1851,0,3,0,0,0,0,0,0,0,0,0,0,0,0,0,1,0,0,0,0,0,0,0,0,0,1,0,0,0,10,1,0,0,0,0,0,0,0,0,0,0,0,0,0,0,d__Metazoa,p__Chordata,c__Actinopteri,o__Cypriniformes,f__Acheilognathidae,g__Acheilognathus,s__Acheilognathus_cf._macropterus_CBM-ZF-12465,16,winter
OTU1072,0,0,163,156,0,0,0,0,0,0,0,0,0,0,0,0,0,0,0,79,0,0,0,0,0,708,0,0,0,0,0,0,0,0,0,0,0,0,0,0,0,0,0,0,0,d__Metazoa,p__Chordata,c__Actinopteri,o__Gobiiformes,f__Gobiidae,g__Rhinogobius,s__Rhinogobius_brunneus,1106,winter
OTU41,0,0,131,852,13,0,0,0,0,401,0,0,0,113,0,0,0,109,0,45,155,0,0,183,0,129,0,0,0,0,0,0,0,0,0,0,0,0,0,0,0,0,0,0,0,d__Metazoa,p__Chordata,c__Actinopteri,o__Anabantiformes,f__Channidae,g__Channa,s__Channa_argus,2131,winter
OTU55,0,0,81,0,0,0,0,0,0,0,0,0,0,0,0,0,0,0,0,78,0,0,201,0,0,1104,909,0,0,0,0,0,0,0,0,0,0,0,0,0,0,0,0,0,0,d__Metazoa,p__Chordata,c__Actinopteri,o__Cypriniformes,f__Acheilognathidae,g__Acheilognathus,s__Acheilognathus_imberbis,2373,winter
OTU38,0,0,51,0,0,0,0,0,0,0,0,0,0,0,0,0,0,0,136,58,41,435,0,244,377,164,67,0,1,0,238,0,574,1430,0,0,0,0,0,0,0,0,0,0,0,d__Metazoa,p__Chordata,c__Actinopteri,o__Cypriniformes,f__Acheilognathidae,g__Acheilognathus,s__Acheilognathus_barbatus,3816,winter
OTU455,0,0,44,0,0,0,0,0,0,0,0,0,0,0,0,0,0,0,0,0,0,0,0,0,0,0,4,0,0,0,0,0,0,0,0,0,0,0,0,0,0,0,0,0,0,d__Metazoa,p__Chordata,c__Actinopteri,o__Cypriniformes,f__Cyprinidae,g__Acanthorhodeus,s__Acanthorhodeus_chankaensis,48,winter
OTU139,0,0,0,251,0,0,0,0,0,0,0,0,0,0,0,0,0,0,0,0,0,0,0,0,0,0,0,0,0,0,0,0,0,0,0,0,0,0,0,0,0,0,0,0,0,d__Metazoa,p__Chordata,c__Actinopteri,o__Mugiliformes,f__Mugilidae,g__Liza,s__Liza_haematocheila,251,winter
OTU25,0,0,0,1,0,0,0,0,0,0,0,0,0,0,0,0,0,0,62,29,0,0,0,0,0,0,0,0,0,0,0,0,565,7867,637,0,0,0,0,0,0,0,442,555,0,d__Metazoa,p__Chordata,c__Actinopteri,o__Cypriniformes,f__Cyprinidae,g__Paracanthobrama,s__Paracanthobrama_guichenoti,10158,winter
OTU52,0,0,0,0,0,135,942,0,0,0,0,0,0,0,0,0,0,0,0,0,0,0,0,0,0,0,0,0,0,0,0,0,0,0,0,0,0,0,0,0,0,0,0,0,0,d__Metazoa,p__Chordata,c__Actinopteri,o__Clupeiformes,f__Clupeidae,g__Clupanodon,s__Clupanodon_thrissa,1077,winter
OTU171,0,0,0,0,0,68,0,0,0,0,0,0,0,0,0,0,0,0,70,83,0,0,0,0,0,0,96,0,0,0,0,0,0,0,0,0,0,0,0,0,0,0,0,0,0,d__Metazoa,p__Chordata,c__Actinopteri,o__Cypriniformes,f__Cyprinidae,g__Pseudolaubuca,s__Pseudolaubuca_sinensis,317,winter
OTU63,0,0,0,0,0,98,0,0,0,0,0,0,0,0,0,0,0,114,0,0,0,0,0,0,0,49,0,0,0,0,0,0,0,0,0,0,0,0,0,0,0,0,0,916,0,d__Metazoa,p__Chordata,c__Actinopteri,o__Cypriniformes,f__Cobitidae,g__Cobitis,s__Cobitis_sp._CBM-ZF-13198,1177,winter
OTU26,0,0,0,0,0,32,0,0,0,0,0,0,0,0,0,0,0,0,0,0,0,0,0,0,0,0,0,0,0,0,0,0,0,492,344,0,0,0,0,0,3,4209,0,0,0,d__Metazoa,p__Chordata,c__Actinopteri,o__Salmoniformes,f__Salmonidae,g__Salmo,s__Salmo_salar,5080,winter
OTU70,0,0,0,0,0,0,769,0,0,0,0,0,0,0,0,0,0,0,0,0,0,0,0,0,0,0,0,0,0,0,0,0,0,0,0,0,0,0,0,0,0,0,0,0,0,d__Metazoa,p__Chordata,c__Actinopteri,o__Cypriniformes,f__Nemacheilidae,g__Triplophysa,s__Triplophysa_cuneicephala,769,winter
OTU42,0,0,0,0,0,0,269,0,458,0,144,0,0,0,0,0,0,293,0,342,144,0,0,0,0,34,0,0,0,0,0,0,0,0,0,0,0,0,0,0,0,0,0,0,0,d__Metazoa,p__Chordata,c__Actinopteri,o__Osmeriformes,f__Salangidae,g__Protosalanx,s__Protosalanx_chinensis,1684,winter
OTU81,0,0,0,0,0,0,254,0,0,0,0,0,0,0,0,0,0,0,0,45,0,0,0,0,0,0,0,0,0,0,0,0,0,0,0,0,0,0,0,0,0,0,627,0,0,d__Metazoa,p__Chordata,c__Actinopteri,o__Cichliformes,f__Cichlidae,g__Oreochromis,s__Oreochromis_sp._'red_tilapia',926,winter
OTU2659,0,0,0,0,0,0,4,0,0,0,0,0,0,0,0,0,0,0,0,0,0,0,0,0,0,0,0,0,0,0,0,0,0,0,0,0,0,0,0,0,0,0,0,0,0,d__Metazoa,p__Chordata,c__Actinopteri,o__Cypriniformes,f__Cyprinidae,g__Hemiculter,s__Hemiculter_leucisculus,4,winter
OTU2697,0,0,0,0,0,0,1,0,2,0,0,0,0,0,0,1,0,0,1,0,0,1,0,0,0,0,0,1,0,2,1,2,7,0,0,0,0,0,0,0,0,0,0,0,0,d__Metazoa,p__Chordata,c__Actinopteri,o__Cypriniformes,f__Cyprinidae,g__Ancherythroculter,s__Ancherythroculter_wangi,19,winter
OTU261,0,0,0,0,0,0,1,7,5,0,0,0,0,0,0,12,2,2,22,35,43,1,3,4,5,4,10,0,0,0,3,0,6,0,0,0,0,0,0,0,0,0,0,0,0,d__Metazoa,p__Chordata,c__Actinopteri,o__Cypriniformes,f__Cyprinidae,g__Ancherythroculter,s__Ancherythroculter_wangi,165,winter
OTU570,0,0,0,0,0,0,1,0,0,0,0,0,0,0,0,1,0,0,4,4,12,1,2,0,0,5,0,2,3,0,0,0,0,0,0,0,0,0,0,0,0,0,0,0,0,d__Metazoa,p__Chordata,c__Actinopteri,o__Siluriformes,f__Bagridae,g__Tachysurus,s__Tachysurus_fulvidraco,35,winter
OTU29,0,0,0,0,0,0,0,1728,0,0,0,0,0,1,0,4,0,0,75,0,356,273,6,1,3,4,19,202,1741,0,880,0,6,0,0,0,0,0,0,4,0,0,6,0,0,d__Metazoa,p__Chordata,c__Actinopteri,o__Cypriniformes,f__Cyprinidae,g__Chanodichthys,s__Chanodichthys_dabryi,5309,winter
OTU2678,0,0,0,0,0,0,0,154,0,0,0,0,0,0,0,0,0,0,0,0,0,0,0,0,0,0,0,0,0,0,0,0,0,0,0,0,0,0,0,0,0,0,0,0,0,d__Metazoa,p__Chordata,c__Actinopteri,o__Cypriniformes,f__Acheilognathidae,g__Rhodeus,s__Rhodeus_lighti,154,winter
OTU2413,0,0,0,0,0,0,0,144,0,0,0,0,0,0,0,0,0,0,0,0,0,1,0,0,0,1,1,0,2,0,0,750,0,425,97,0,0,0,0,0,0,0,1,0,0,d__Metazoa,p__Chordata,c__Actinopteri,o__Cypriniformes,f__Cyprinidae,g__Squaliobarbus,s__Squaliobarbus_curriculus,1422,winter
OTU15,0,0,0,0,0,0,0,148,0,0,5,0,159,223,706,0,0,77,314,155,112,0,1020,63,106,498,108,4,0,363,0,0,1051,0,0,0,0,0,0,10449,0,0,0,0,214,d__Metazoa,p__Chordata,c__Actinopteri,o__Siluriformes,f__Siluridae,g__Silurus,s__Silurus_soldatovi,15775,winter
OTU1997,0,0,0,0,0,0,0,2,1,0,0,0,0,0,0,0,0,0,0,0,0,0,0,0,0,0,0,0,0,0,0,0,0,0,0,0,0,0,0,0,0,0,0,1,0,d__Metazoa,p__Chordata,c__Actinopteri,o__Gobiiformes,f__Gobiidae,g__Rhinogobius,s__Rhinogobius_similis,4,winter
OTU2709,0,0,0,0,0,0,0,5,3,0,0,0,0,0,0,3,0,3,5,5,7,0,2,0,4,2,3,0,1,0,0,0,0,0,0,0,0,0,0,0,0,0,0,0,0,d__Metazoa,p__Chordata,c__Actinopteri,o__Clupeiformes,f__Engraulidae,g__Coilia,s__Coilia_brachygnathus,43,winter
OTU2099,0,0,0,0,0,0,0,1,1,0,0,13,0,0,0,0,0,1,9,11,5,2,3,0,6,3,4,1,2,7,6,20,22,0,0,0,0,0,0,0,0,0,3,0,0,d__Metazoa,p__Chordata,c__Actinopteri,o__Cypriniformes,f__Cyprinidae,g__Pseudohemiculter,s__Pseudohemiculter_dispar,120,winter
OTU1683,0,0,0,0,0,0,0,0,1,0,0,0,0,0,0,0,0,1,0,0,0,1,1,0,0,1,0,0,0,0,0,0,0,0,0,0,0,0,0,0,0,0,0,0,0,d__Metazoa,p__Chordata,c__Actinopteri,o__Beloniformes,f__Hemiramphidae,g__Hyporhamphus,s__Hyporhamphus_intermedius,5,winter
OTU33,0,0,0,0,0,0,0,0,0,1,0,0,0,0,0,0,0,0,81,105,27,180,0,0,0,0,1,1,0,0,0,0,486,2983,290,0,0,0,0,0,0,0,0,0,0,d__Metazoa,p__Chordata,c__Actinopteri,o__Cypriniformes,f__Acheilognathidae,g__Acheilognathus,s__Acheilognathus_rhombeus,4155,winter
OTU1270,0,0,0,0,0,0,0,0,0,1,0,0,0,0,0,0,0,0,0,0,0,0,0,0,0,0,0,0,0,0,0,0,0,0,0,0,0,0,0,11,0,0,0,0,0,d__Metazoa,p__Chordata,c__Actinopteri,o__Cypriniformes,f__Cyprinidae,g__Abbottina,s__Abbottina_rivularis,12,winter
OTU2042,0,0,0,0,0,0,0,0,0,1,0,0,0,0,0,0,1,0,0,0,0,0,0,0,0,0,0,0,0,0,0,0,0,0,0,0,0,0,0,0,0,0,0,0,0,d__Metazoa,p__Chordata,c__Actinopteri,o__Cypriniformes,f__Cyprinidae,g__Chanodichthys,s__Chanodichthys_ilishaeformis,2,winter
OTU815,0,0,0,0,0,0,0,0,0,1,0,0,0,0,0,1,0,2,30,22,18,3,1,4,15,4,4,2,1,0,0,0,3,0,0,0,0,0,0,0,0,0,0,0,0,d__Metazoa,p__Chordata,c__Actinopteri,o__Cypriniformes,f__Cyprinidae,g__Cyprinus,s__Cyprinus_carpio,111,winter
OTU11,0,0,0,0,0,0,0,0,0,0,146,0,0,0,0,122,0,0,111,94,16,192,247,228,121,225,715,0,126,0,0,492,0,371,0,0,2,0,0,21794,0,0,579,0,0,d__Metazoa,p__Chordata,c__Actinopteri,o__Cypriniformes,f__Cyprinidae,g__Saurogobio,s__Saurogobio_dabryi,25581,winter
OTU228,0,0,0,0,0,0,0,0,0,0,67,0,1,0,108,0,0,0,0,0,0,0,0,0,0,0,0,0,0,0,0,0,0,0,0,0,0,0,0,0,0,0,0,0,0,d__Metazoa,p__Chordata,c__Actinopteri,o__Synbranchiformes,f__Synbranchidae,g__Monopterus,s__Monopterus_albus,176,winter
OTU977,0,0,0,0,0,0,0,0,0,0,4,0,0,0,0,1,0,0,1,0,0,1,5,2,0,41,15,1,0,0,0,0,0,4,0,0,0,0,0,0,0,0,2,0,0,d__Metazoa,p__Chordata,c__Actinopteri,o__Cypriniformes,f__Cyprinidae,g__Hypophthalmichthys,s__Hypophthalmichthys_nobilis,77,winter
OTU1540,0,0,0,0,0,0,0,0,0,0,3,0,0,0,0,0,0,0,4,2,0,0,0,0,1,15,1,0,0,0,0,2,0,0,0,0,0,0,0,1,0,0,4,0,0,d__Metazoa,p__Chordata,c__Actinopteri,o__Cypriniformes,f__Cyprinidae,g__Pseudobrama,s__Pseudobrama_simoni,33,winter
OTU2077,0,0,0,0,0,0,0,0,0,0,1,0,0,0,0,0,0,4,0,1,0,0,0,0,0,0,0,0,0,0,0,0,0,0,0,0,0,0,0,0,0,0,0,0,0,d__Metazoa,p__Chordata,c__Actinopteri,o__Osmeriformes,f__Salangidae,g__Protosalanx,s__Protosalanx_chinensis,6,winter
OTU84,0,0,0,0,0,0,0,0,0,0,0,510,0,0,0,41,0,0,0,0,0,0,0,0,0,0,0,0,0,0,0,0,0,0,0,0,0,0,0,0,0,0,0,0,0,d__Metazoa,p__Chordata,c__Actinopteri,o__Salmoniformes,f__Salmonidae,g__Oncorhynchus,s__Oncorhynchus_mykiss,551,winter
OTU1203,0,0,0,0,0,0,0,0,0,0,0,3,0,0,0,0,0,1,0,6,0,0,3,0,1,2,1,1,0,0,0,0,0,0,0,0,0,0,0,0,0,0,2,8,0,d__Metazoa,p__Chordata,c__Actinopteri,o__Beloniformes,f__Hemiramphidae,g__Hyporhamphus,s__Hyporhamphus_intermedius,28,winter
OTU45,0,0,0,0,0,0,0,0,0,0,0,0,1050,345,127,0,0,0,0,0,0,0,0,0,0,0,0,0,0,0,0,0,0,0,0,0,0,0,0,0,0,0,0,0,0,d__Metazoa,p__Chordata,c__Actinopteri,o__Cyprinodontiformes,f__Poeciliidae,g__Gambusia,s__Gambusia_affinis,1522,winter
OTU368,0,0,0,0,0,0,0,0,0,0,0,0,1,0,0,0,0,0,1,1,0,0,3,1,0,0,0,0,0,1,0,0,3,0,0,0,0,0,0,64,0,0,0,0,0,d__Metazoa,p__Chordata,c__Actinopteri,o__Cypriniformes,f__Cyprinidae,g__Parabramis,s__Parabramis_pekinensis,75,winter
OTU1800,0,0,0,0,0,0,0,0,0,0,0,0,1,0,0,0,0,0,1,0,3,0,0,0,2,0,0,0,0,0,1,0,0,0,0,0,0,0,0,0,0,0,0,0,0,d__Metazoa,p__Chordata,c__Actinopteri,o__Cypriniformes,f__Cyprinidae,g__Hemiculter,s__Hemiculter_tchangi,8,winter
OTU180,0,0,0,0,0,0,0,0,0,0,0,0,0,35,0,0,0,0,0,0,0,0,0,0,0,127,0,0,0,0,0,0,0,0,0,0,0,0,0,0,0,0,0,0,0,d__Metazoa,p__Chordata,c__Actinopteri,o__Gobiiformes,f__Gobiidae,g__Mugilogobius,s__Mugilogobius_myxodermus,162,winter
OTU1577,0,0,0,0,0,0,0,0,0,0,0,0,0,0,1,0,0,0,0,0,0,0,0,0,0,0,0,0,0,0,0,0,0,0,29,0,2,0,0,0,0,0,0,0,0,d__Metazoa,p__Chordata,c__Actinopteri,o__Cypriniformes,f__Cyprinidae,g__Xenocypris,s__Xenocypris_argentea,32,winter
OTU156,0,0,0,0,0,0,0,0,0,0,0,0,0,0,0,149,0,0,0,0,0,0,0,0,0,0,50,0,0,0,0,0,0,0,0,0,0,0,0,0,0,384,0,0,0,d__Metazoa,p__Chordata,c__Actinopteri,o__Cypriniformes,f__Cyprinidae,g__Zacco,s__Zacco_platypus,583,winter
OTU136,0,0,0,0,0,0,0,0,0,0,0,0,0,0,0,78,0,0,0,0,0,0,307,0,0,0,0,0,0,0,0,0,0,0,0,0,0,0,0,0,0,0,0,0,0,d__Metazoa,p__Chordata,c__Actinopteri,o__Cypriniformes,f__Cyprinidae,g__Rhynchocypris,s__Rhynchocypris_lagowskii,385,winter
OTU172,0,0,0,0,0,0,0,0,0,0,0,0,0,0,0,33,0,0,0,0,0,0,0,87,0,0,0,0,0,0,0,0,0,83,0,0,0,48,0,0,0,0,0,0,0,d__Metazoa,p__Chordata,c__Actinopteri,o__Siluriformes,f__Bagridae,g__Tachysurus,s__Tachysurus_nitidus,251,winter
OTU134,0,0,0,0,0,0,0,0,0,0,0,0,0,0,0,28,0,0,0,0,0,188,0,0,0,0,0,0,0,0,0,0,0,0,0,0,0,0,0,0,0,0,0,0,450,d__Metazoa,p__Chordata,c__Actinopteri,o__Cypriniformes,f__Cobitidae,g__Paramisgurnus,s__Paramisgurnus_dabryanus,666,winter
OTU745,0,0,0,0,0,0,0,0,0,0,0,0,0,0,0,20,0,0,0,0,0,0,0,0,0,0,0,0,0,0,0,0,0,0,0,0,0,0,0,0,0,0,0,0,0,d__Metazoa,p__Chordata,c__Actinopteri,o__Pempheriformes,f__Lateolabracidae,g__Lateolabrax,s__Lateolabrax_maculatus,20,winter
OTU535,0,0,0,0,0,0,0,0,0,0,0,0,0,0,0,1,0,0,7,9,9,3,7,0,2,7,1,1,0,0,1,0,0,0,0,0,0,0,0,0,0,0,0,0,0,d__Metazoa,p__Chordata,c__Actinopteri,o__Cypriniformes,f__Cyprinidae,g__Hemibarbus,s__Hemibarbus_labeo,48,winter
OTU403,0,0,0,0,0,0,0,0,0,0,0,0,0,0,0,0,0,79,0,0,0,0,0,0,0,0,0,0,0,0,0,0,0,0,0,0,0,0,0,0,0,0,0,0,0,d__Metazoa,p__Chordata,c__Actinopteri,o__Osmeriformes,f__Salangidae,g__Protosalanx,s__Protosalanx_hyalocranius,79,winter
OTU864,0,0,0,0,0,0,0,0,0,0,0,0,0,0,0,0,0,1,1,1,1,0,1,1,0,11,2,1,0,0,0,0,0,0,0,0,0,0,0,0,0,0,1,0,0,d__Metazoa,p__Chordata,c__Actinopteri,o__Beloniformes,f__Hemiramphidae,g__Hyporhamphus,s__Hyporhamphus_intermedius,21,winter
OTU120,0,0,0,0,0,0,0,0,0,0,0,0,0,0,0,0,0,0,85,4,0,0,0,121,0,62,163,0,0,0,0,0,0,0,34,0,0,0,0,0,0,0,0,0,0,d__Metazoa,p__Chordata,c__Actinopteri,o__Cypriniformes,f__Cyprinidae,g__Squalidus,s__Squalidus_argentatus,469,winter
OTU913,0,0,0,0,0,0,0,0,0,0,0,0,0,0,0,0,0,0,5,3,3,2,5,1,0,1,0,0,0,0,4,0,0,0,0,0,0,0,0,0,0,0,0,0,0,d__Metazoa,p__Chordata,c__Actinopteri,o__Cypriniformes,f__Cyprinidae,g__Elopichthys,s__Elopichthys_bambusa,24,winter
OTU2218,0,0,0,0,0,0,0,0,0,0,0,0,0,0,0,0,0,0,6,0,0,0,0,2,0,0,2,0,0,0,0,1,0,0,0,0,0,0,0,272,0,0,0,0,0,d__Metazoa,p__Chordata,c__Actinopteri,o__Cypriniformes,f__Cyprinidae,g__Parabramis,s__Parabramis_pekinensis,283,winter
OTU1128,0,0,0,0,0,0,0,0,0,0,0,0,0,0,0,0,0,0,8,9,3,1,2,1,3,3,2,1,1,0,1,0,0,0,0,0,0,0,0,0,0,0,0,0,0,d__Metazoa,p__Chordata,c__Actinopteri,o__Cypriniformes,f__Cyprinidae,g__Cyprinus,s__Cyprinus_carpio,35,winter
OTU1857,0,0,0,0,0,0,0,0,0,0,0,0,0,0,0,0,0,0,4,6,2,3,0,0,0,0,0,0,0,0,0,0,15,8,6,0,0,0,0,0,0,0,0,0,0,d__Metazoa,p__Chordata,c__Actinopteri,o__Cypriniformes,f__Acheilognathidae,g__Acheilognathus,s__Acheilognathus_rhombeus,44,winter
OTU1770,0,0,0,0,0,0,0,0,0,0,0,0,0,0,0,0,0,0,2,1,1,0,0,1,0,4,2,1,0,0,0,0,0,0,0,0,0,0,0,0,0,0,0,0,0,d__Metazoa,p__Chordata,c__Actinopteri,o__Centrarchiformes,f__Sinipercidae,g__Siniperca,s__Siniperca_chuatsi_x_Siniperca_scherzeri,12,winter
OTU2229,0,0,0,0,0,0,0,0,0,0,0,0,0,0,0,0,0,0,1,0,0,1,0,1,0,0,0,0,0,0,0,0,0,0,0,0,0,0,0,0,0,0,0,0,0,d__Metazoa,p__Chordata,c__Actinopteri,o__Gobiiformes,f__Gobiidae,g__Rhinogobius,s__Rhinogobius_similis,3,winter
OTU1775,0,0,0,0,0,0,0,0,0,0,0,0,0,0,0,0,0,0,3,1,0,0,0,0,0,1,1,0,0,0,0,0,0,0,0,0,0,0,0,0,0,0,0,0,0,d__Metazoa,p__Chordata,c__Actinopteri,o__Cypriniformes,f__Acheilognathidae,g__Acheilognathus,s__Acheilognathus_omeiensis,6,winter
OTU1801,0,0,0,0,0,0,0,0,0,0,0,0,0,0,0,0,0,0,1,2,1,0,0,0,1,1,0,0,0,0,0,0,1,0,0,0,0,0,0,0,0,0,0,0,0,d__Metazoa,p__Chordata,c__Actinopteri,o__Siluriformes,f__Siluridae,g__Silurus,s__Silurus_soldatovi,7,winter
OTU503,0,0,0,0,0,0,0,0,0,0,0,0,0,0,0,0,0,0,2,1,0,0,0,0,1,0,0,0,0,0,0,0,18,140,3,0,0,0,0,0,0,0,7,2,0,d__Metazoa,p__Chordata,c__Actinopteri,o__Cypriniformes,f__Cyprinidae,g__Paracanthobrama,s__Paracanthobrama_guichenoti,174,winter
OTU2231,0,0,0,0,0,0,0,0,0,0,0,0,0,0,0,0,0,0,1,0,0,0,0,0,0,0,1,0,0,0,0,0,0,0,0,0,0,0,0,0,0,0,0,0,0,d__Metazoa,p__Chordata,c__Actinopteri,o__Cypriniformes,f__Cyprinidae,g__Pseudolaubuca,s__Pseudolaubuca_sinensis,2,winter
OTU2232,0,0,0,0,0,0,0,0,0,0,0,0,0,0,0,0,0,0,1,0,1,0,1,0,0,0,0,0,1,0,0,0,0,0,0,0,0,0,0,0,0,0,0,0,0,d__Metazoa,p__Chordata,c__Actinopteri,o__Cypriniformes,f__Cyprinidae,g__Saurogobio,s__Saurogobio_dabryi,4,winter
OTU1817,0,0,0,0,0,0,0,0,0,0,0,0,0,0,0,0,0,0,1,0,0,0,1,3,0,0,0,0,0,0,0,0,0,0,0,0,0,0,0,0,0,0,0,0,0,d__Metazoa,p__Chordata,c__Actinopteri,o__Cypriniformes,f__Cyprinidae,g__Hemibarbus,s__Hemibarbus_labeo,5,winter
OTU592,0,0,0,0,0,0,0,0,0,0,0,0,0,0,0,0,0,0,0,27,0,0,0,0,0,0,0,0,0,0,0,0,0,0,0,0,0,0,0,0,0,0,0,0,0,d__Metazoa,p__Chordata,c__Actinopteri,o__Cypriniformes,f__Acheilognathidae,g__Tanakia,s__Tanakia_himantegus,27,winter
OTU37,0,0,0,0,0,0,0,0,0,0,0,0,0,0,0,0,0,0,0,29,0,0,0,0,0,2528,302,108,0,0,1,0,0,0,0,0,0,0,0,0,0,0,0,0,0,d__Metazoa,p__Chordata,c__Actinopteri,o__Cypriniformes,f__Cyprinidae,g__Microphysogobio,s__Microphysogobio_sp._ZF-11935,2968,winter
OTU1353,0,0,0,0,0,0,0,0,0,0,0,0,0,0,0,0,0,0,0,3,0,0,0,0,0,1,2,0,0,1,0,0,0,0,0,0,0,0,0,0,0,0,0,0,0,d__Metazoa,p__Chordata,c__Actinopteri,o__Cypriniformes,f__Acheilognathidae,g__Acheilognathus,s__Acheilognathus_imberbis,7,winter
OTU1797,0,0,0,0,0,0,0,0,0,0,0,0,0,0,0,0,0,0,0,3,0,0,0,0,0,0,0,0,0,0,0,0,0,0,0,0,0,0,0,0,0,0,0,0,0,d__Metazoa,p__Chordata,c__Actinopteri,o__Cypriniformes,f__Acheilognathidae,g__Acheilognathus,s__Acheilognathus_tabira,3,winter
OTU1526,0,0,0,0,0,0,0,0,0,0,0,0,0,0,0,0,0,0,0,1,0,4,0,0,1,0,0,0,0,2,5,0,4,0,0,0,0,0,0,0,0,0,0,0,0,d__Metazoa,p__Chordata,c__Actinopteri,o__Cypriniformes,f__Cyprinidae,g__Ancherythroculter,s__Ancherythroculter_wangi,17,winter
OTU2421,0,0,0,0,0,0,0,0,0,0,0,0,0,0,0,0,0,0,0,1,1,0,0,0,0,0,0,0,0,0,0,0,7,0,0,0,0,0,0,0,0,0,0,0,0,d__Metazoa,p__Chordata,c__Actinopteri,o__Cypriniformes,f__Cyprinidae,g__Toxabramis,s__Toxabramis_houdemeri,9,winter
OTU333,0,0,0,0,0,0,0,0,0,0,0,0,0,0,0,0,0,0,0,0,69,0,0,0,0,0,0,0,0,0,0,0,0,0,0,0,0,0,0,0,0,0,0,0,0,d__Metazoa,p__Chordata,c__Actinopteri,o__Centrarchiformes,f__Centrarchidae,g__Micropterus,s__Micropterus_salmoides,69,winter
OTU71,0,0,0,0,0,0,0,0,0,0,0,0,0,0,0,0,0,0,0,0,22,0,0,24,0,0,0,0,0,736,0,0,0,0,0,0,0,0,0,0,0,0,0,0,0,d__Metazoa,p__Chordata,c__Actinopteri,o__Osmeriformes,f__Salangidae,g__Neosalanx,s__Neosalanx_taihuensis,782,winter
OTU1799,0,0,0,0,0,0,0,0,0,0,0,0,0,0,0,0,0,0,0,0,3,0,0,0,0,0,0,0,0,0,0,0,0,0,0,0,0,0,0,0,0,0,0,0,0,d__Metazoa,p__Chordata,c__Actinopteri,o__Cypriniformes,f__Cyprinidae,g__Chanodichthys,s__Chanodichthys_ilishaeformis,3,winter
OTU2286,0,0,0,0,0,0,0,0,0,0,0,0,0,0,0,0,0,0,0,0,2,0,0,0,0,0,0,0,0,0,0,0,0,0,0,0,0,0,0,0,0,0,0,0,0,d__Metazoa,p__Chordata,c__Actinopteri,o__Centrarchiformes,f__Centrarchidae,g__Micropterus,s__Micropterus_salmoides,2,winter
OTU2289,0,0,0,0,0,0,0,0,0,0,0,0,0,0,0,0,0,0,0,0,1,0,1,1,0,1,0,0,0,0,0,0,0,0,0,0,0,0,0,0,0,0,0,0,0,d__Metazoa,p__Chordata,c__Actinopteri,o__Cypriniformes,f__Cyprinidae,g__Elopichthys,s__Elopichthys_bambusa,4,winter
OTU2290,0,0,0,0,0,0,0,0,0,0,0,0,0,0,0,0,0,0,0,0,1,0,1,0,0,0,0,0,0,0,0,0,0,0,0,0,0,0,0,0,0,0,0,0,0,d__Metazoa,p__Chordata,c__Actinopteri,o__Clupeiformes,f__Engraulidae,g__Coilia,s__Coilia_brachygnathus,2,winter
OTU348,0,0,0,0,0,0,0,0,0,0,0,0,0,0,0,0,0,0,0,0,1,0,0,0,0,0,61,0,0,0,0,0,0,0,0,0,0,0,0,0,0,0,0,0,0,d__Metazoa,p__Chordata,c__Actinopteri,o__Siluriformes,f__Bagridae,g__Pseudobagrus,s__Pseudobagrus_crassilabris,62,winter
OTU2303,0,0,0,0,0,0,0,0,0,0,0,0,0,0,0,0,0,0,0,0,0,5,0,0,0,0,0,0,0,0,0,0,0,0,0,0,0,0,0,0,0,0,0,0,1,d__Metazoa,p__Chordata,c__Actinopteri,o__Cypriniformes,f__Cobitidae,g__Paramisgurnus,s__Paramisgurnus_dabryanus,6,winter
OTU1827,0,0,0,0,0,0,0,0,0,0,0,0,0,0,0,0,0,0,0,0,0,1,0,0,0,0,1,2,0,0,0,0,0,1,0,0,0,0,0,0,0,0,0,0,0,d__Metazoa,p__Chordata,c__Actinopteri,o__Cypriniformes,f__Cyprinidae,g__Ctenopharyngodon,s__Ctenopharyngodon_idella,5,winter
OTU97,0,0,0,0,0,0,0,0,0,0,0,0,0,0,0,0,0,0,0,0,0,0,476,0,0,109,0,0,0,0,0,0,0,0,0,0,0,0,0,0,0,0,0,0,0,d__Metazoa,p__Chordata,c__Actinopteri,o__Cypriniformes,f__Cyprinidae,g__Sarcocheilichthys,s__Sarcocheilichthys_nigripinnis,585,winter
OTU184,0,0,0,0,0,0,0,0,0,0,0,0,0,0,0,0,0,0,0,0,0,0,168,0,0,0,0,0,0,0,0,0,0,0,0,0,0,0,0,0,0,0,0,0,66,d__Metazoa,p__Chordata,c__Actinopteri,o__Cypriniformes,f__Cyprinidae,g__Phoxinus,s__Phoxinus_oxycephalus,234,winter
OTU543,0,0,0,0,0,0,0,0,0,0,0,0,0,0,0,0,0,0,0,0,0,0,1,0,0,0,0,0,0,0,0,0,0,0,0,0,0,0,0,33,0,0,0,0,0,d__Metazoa,p__Chordata,c__Actinopteri,o__Cypriniformes,f__Cyprinidae,g__Saurogobio,s__Saurogobio_dabryi,34,winter
OTU2310,0,0,0,0,0,0,0,0,0,0,0,0,0,0,0,0,0,0,0,0,0,0,1,0,0,0,0,4,0,4,0,0,0,0,0,0,0,0,0,0,0,0,2,0,0,d__Metazoa,p__Chordata,c__Actinopteri,o__Cypriniformes,f__Cyprinidae,g__Ctenopharyngodon,s__Ctenopharyngodon_idella,11,winter
OTU1818,0,0,0,0,0,0,0,0,0,0,0,0,0,0,0,0,0,0,0,0,0,0,0,2,0,0,0,0,0,0,0,1,0,0,0,0,0,0,0,0,0,0,0,0,0,d__Metazoa,p__Chordata,c__Actinopteri,o__Cypriniformes,f__Cyprinidae,g__Hemiculter,s__Hemiculter_tchangi,3,winter
OTU195,0,0,0,0,0,0,0,0,0,0,0,0,0,0,0,0,0,0,0,0,0,0,0,0,0,85,74,0,0,0,0,0,0,0,0,0,0,0,0,0,0,0,0,0,0,d__Metazoa,p__Chordata,c__Actinopteri,o__Gobiiformes,f__Odontobutidae,g__Odontobutis,s__Odontobutis_sinensis,159,winter
OTU144,0,0,0,0,0,0,0,0,0,0,0,0,0,0,0,0,0,0,0,0,0,0,0,0,0,46,0,0,0,0,0,0,0,0,0,243,0,0,0,0,0,0,0,0,0,d__Metazoa,p__Chordata,c__Actinopteri,o__Cypriniformes,f__Cyprinidae,g__Sarcocheilichthys,s__Sarcocheilichthys_sinensis,289,winter
OTU199,0,0,0,0,0,0,0,0,0,0,0,0,0,0,0,0,0,0,0,0,0,0,0,0,0,29,152,0,0,0,0,0,0,0,0,0,0,0,0,0,0,0,0,0,0,d__Metazoa,p__Chordata,c__Actinopteri,o__Cypriniformes,f__Cyprinidae,g__Saurogobio,s__Saurogobio_gracilicaudatus,181,winter
OTU1541,0,0,0,0,0,0,0,0,0,0,0,0,0,0,0,0,0,0,0,0,0,0,0,0,0,7,0,0,0,0,0,0,0,0,0,0,0,0,0,0,0,0,0,0,0,d__Metazoa,p__Chordata,c__Actinopteri,o__Cypriniformes,f__Cyprinidae,g__Microphysogobio,s__Microphysogobio_sp._ZF-11935,7,winter
OTU563,0,0,0,0,0,0,0,0,0,0,0,0,0,0,0,0,0,0,0,0,0,0,0,0,0,4,1,0,5,0,0,0,0,0,2,44,0,0,0,0,0,0,0,0,7,d__Metazoa,p__Chordata,c__Actinopteri,o__Siluriformes,f__Bagridae,g__Tachysurus,s__Tachysurus_argentivittatus,63,winter
OTU2353,0,0,0,0,0,0,0,0,0,0,0,0,0,0,0,0,0,0,0,0,0,0,0,0,0,1,5,0,0,0,0,0,0,0,0,0,0,0,0,0,0,0,0,0,0,d__Metazoa,p__Chordata,c__Actinopteri,o__Cypriniformes,f__Cyprinidae,g__Hypophthalmichthys,s__Hypophthalmichthys_nobilis,6,winter
OTU2361,0,0,0,0,0,0,0,0,0,0,0,0,0,0,0,0,0,0,0,0,0,0,0,0,0,0,5,0,0,0,0,0,0,0,0,0,0,0,0,0,0,0,0,0,0,d__Metazoa,p__Chordata,c__Actinopteri,o__Cypriniformes,f__Acheilognathidae,g__Acheilognathus,s__Acheilognathus_imberbis,5,winter
OTU1544,0,0,0,0,0,0,0,0,0,0,0,0,0,0,0,0,0,0,0,0,0,0,0,0,0,0,0,321,0,0,0,0,0,0,0,0,0,0,0,0,0,0,0,0,0,d__Metazoa,p__Chordata,c__Actinopteri,o__Cypriniformes,f__Acheilognathidae,g__Acheilognathus,s__Acheilognathus_rhombeus,321,winter
OTU87,0,0,0,0,0,0,0,0,0,0,0,0,0,0,0,0,0,0,0,0,0,0,0,0,0,0,0,0,0,0,875,0,0,0,3126,0,0,0,0,0,0,0,0,0,0,d__Metazoa,p__Chordata,c__Actinopteri,o__Cypriniformes,f__Cyprinidae,g__Xenocypris,s__Xenocypris_argentea,4001,winter
OTU89,0,0,0,0,0,0,0,0,0,0,0,0,0,0,0,0,0,0,0,0,0,0,0,0,0,0,0,0,0,0,0,0,0,0,499,0,0,0,0,0,0,0,0,0,0,d__Metazoa,p__Chordata,c__Actinopteri,o__Cypriniformes,f__Cyprinidae,g__Gymnodiptychus,s__Gymnodiptychus_pachycheilus,499,winter
OTU72,0,0,0,0,0,0,0,0,0,0,0,0,0,0,0,0,0,0,0,0,0,0,0,0,0,0,0,0,0,0,0,0,0,0,51,0,0,0,0,0,0,0,628,855,0,d__Metazoa,p__Chordata,c__Actinopteri,o__Cypriniformes,f__Botiidae（Botiinae）,g__Leptobotia,s__Leptobotia_taeniops,1534,winter
OTU2542,0,0,0,0,0,0,0,0,0,0,0,0,0,0,0,0,0,0,0,0,0,0,0,0,0,0,0,0,0,0,0,0,0,0,1,0,0,0,0,0,0,3,0,0,0,d__Metazoa,p__Chordata,c__Actinopteri,o__Salmoniformes,f__Salmonidae,g__Oncorhynchus,s__Oncorhynchus_tshawytscha,4,winter
OTU1169,0,0,0,0,0,0,0,0,0,0,0,0,0,0,0,0,0,0,0,0,0,0,0,0,0,0,0,0,0,0,0,0,0,0,1,0,0,0,0,0,0,0,1,16,0,d__Metazoa,p__Chordata,c__Actinopteri,o__Cypriniformes,f__Cyprinidae,g__Hypophthalmichthys,s__Hypophthalmichthys_nobilis,18,winter
OTU23,0,0,0,0,0,0,0,0,0,0,0,0,0,0,0,0,0,0,0,0,0,0,0,0,0,0,0,0,0,0,0,0,0,0,0,0,0,0,9,7917,0,0,0,0,0,d__Metazoa,p__Chordata,c__Actinopteri,o__Siluriformes,f__Clariidae,g__Clarias,s__Clarias_gariepinus,7926,winter
OTU1165,0,0,0,0,0,0,0,0,0,0,0,0,0,0,0,0,0,0,0,0,0,0,0,0,0,0,0,0,0,0,0,0,0,0,0,0,0,0,0,221,0,0,0,0,0,d__Metazoa,p__Chordata,c__Actinopteri,o__Cypriniformes,f__Cyprinidae,g__Pseudorasbora,s__Pseudorasbora_parva,221,winter
OTU166,0,0,0,0,0,0,0,0,0,0,0,0,0,0,0,0,0,0,0,0,0,0,0,0,0,0,0,0,0,0,0,0,0,0,0,0,0,0,0,322,0,0,0,0,0,d__Metazoa,p__Chordata,c__Actinopteri,o__Siluriformes,f__Clariidae,g__Clarias,s__Clarias_gariepinus,322,winter
OTU350,0,0,0,0,0,0,0,0,0,0,0,0,0,0,0,0,0,0,0,0,0,0,0,0,0,0,0,0,0,0,0,0,0,0,0,0,0,0,0,92,0,0,0,0,0,d__Metazoa,p__Chordata,c__Actinopteri,o__Siluriformes,f__Clariidae,g__Clarias,s__Clarias_gariepinus,92,winter
OTU1609,0,0,0,0,0,0,0,0,0,0,0,0,0,0,0,0,0,0,0,0,0,0,0,0,0,0,0,0,0,0,0,0,0,0,0,0,0,0,0,6,0,0,0,0,0,d__Metazoa,p__Chordata,c__Actinopteri,o__Cypriniformes,f__Cyprinidae,g__Pseudorasbora,s__Pseudorasbora_parva,6,winter
OTU2554,0,0,0,0,0,0,0,0,0,0,0,0,0,0,0,0,0,0,0,0,0,0,0,0,0,0,0,0,0,0,0,0,0,0,0,0,0,0,0,0,0,0,8,1,0,d__Metazoa,p__Chordata,c__Actinopteri,o__Cypriniformes,f__Botiidae（Botiinae）,g__Leptobotia,s__Leptobotia_mantschurica,9,winter
OTU2551,0,0,0,0,0,0,0,0,0,0,0,0,0,0,0,0,0,0,0,0,0,0,0,0,0,0,0,0,0,0,0,0,0,0,0,0,0,0,0,0,0,0,6,0,0,d__Metazoa,p__Chordata,c__Actinopteri,o__Cypriniformes,f__Botiidae（Botiinae）,g__Leptobotia,s__Leptobotia_taeniops,6,winter
OTU1929,0,0,0,0,0,0,0,0,0,0,0,0,0,0,0,0,0,0,0,0,0,0,0,0,0,0,0,0,0,0,0,0,0,0,0,0,0,0,0,0,0,0,2,3,0,d__Metazoa,p__Chordata,c__Actinopteri,o__Cypriniformes,f__Cyprinidae,g__Hypophthalmichthys,s__Hypophthalmichthys_nobilis,5,winter
OTU653,0,0,0,0,0,0,0,0,0,0,0,0,0,0,0,0,0,0,0,0,0,0,0,0,0,0,0,0,0,0,0,0,0,0,0,0,0,0,0,0,0,0,0,0,28,d__Metazoa,p__Chordata,c__Actinopteri,o__Acipenseriformes,f__Acipenseridae,g__Acipenser,s__Acipenser_dabryanus_x_Acipenser_schrenckii,28,winter
OTU1,17111,4893,9126,5704,1303,8406,861,1082,390,957,2313,705,4917,1470,1615,489,0,40,1889,1342,538,28020,15594,6317,1021,5387,3603,3888,3958,4856,25305,27757,35674,1196,480,2788,604,370,0,84,0,1177,2686,4941,3926,d__Metazoa,p__Chordata,c__Actinopteri,o__Cypriniformes,f__Cyprinidae,g__Cyprinus,s__Cyprinus_carpio,244783,spring
OTU32,239,408,0,0,199,56,82,36,75,206,377,104,67,0,13,234,74,85,624,0,69,0,340,0,53,0,0,508,1439,881,151,99,238,439,286,0,0,0,0,140,4,0,309,1054,1283,d__Metazoa,p__Chordata,c__Actinopteri,o__Cypriniformes,f__Cyprinidae,g__Hypophthalmichthys,s__Hypophthalmichthys_nobilis,10172,spring
OTU68,123,0,0,0,276,96,16,56,23,282,276,213,330,345,47,87,0,44,267,243,96,0,302,0,0,0,2,138,0,0,52,124,153,0,0,0,0,0,0,0,0,0,103,0,0,d__Metazoa,p__Chordata,c__Actinopteri,o__Siluriformes,f__Bagridae,g__Tachysurus,s__Tachysurus_fulvidraco,3694,spring
OTU127,105,0,0,0,0,0,0,0,0,0,0,21,0,0,0,79,0,92,0,0,0,0,0,0,0,0,0,0,0,0,0,0,0,0,0,0,0,0,0,0,0,472,0,155,0,d__Metazoa,p__Chordata,c__Actinopteri,o__Cypriniformes,f__Cyprinidae,g__Paracanthobrama,s__Paracanthobrama_guichenoti,924,spring
OTU28,206,0,0,0,21,2,59,64,50,25,22,31,37,0,0,0,0,40,0,0,67,215,0,1408,0,0,95,423,366,213,263,79,500,1823,1960,1167,0,0,0,394,1128,0,0,0,339,d__Metazoa,p__Chordata,c__Actinopteri,o__Cypriniformes,f__Cyprinidae,g__Parabramis,s__Parabramis_pekinensis,10997,spring
OTU14,100,0,222,0,37,0,70,24,39,0,347,25,0,0,0,160,0,64,0,0,0,0,0,2838,0,0,0,0,0,317,0,0,0,0,1789,870,0,1250,0,2333,2533,3745,141,0,0,d__Metazoa,p__Chordata,c__Actinopteri,o__Scombriformes,f__Scombridae,g__Scomber,s__Scomber_japonicus,16904,spring
OTU26,91,717,352,0,0,59,73,29,0,0,74,40,0,0,0,0,0,29,324,0,0,0,0,0,46,0,0,0,1145,0,19,11,0,241,0,0,891,286,2246,0,0,444,181,0,0,d__Metazoa,p__Chordata,c__Actinopteri,o__Cypriniformes,f__Cyprinidae,g__Gymnocypris,s__Gymnocypris_przewalskii,7298,spring
OTU7,90,499,470,82,513,298,526,517,364,447,631,504,1468,642,487,76,52,0,6168,1533,2968,2106,560,2066,136,127,0,196,0,444,418,286,646,737,0,0,949,0,0,3295,5379,15714,144,230,0,d__Metazoa,p__Chordata,c__Actinopteri,o__Cypriniformes,f__Cyprinidae,g__Ancherythroculter,s__Ancherythroculter_wangi,51768,spring
OTU21,299,0,659,0,27,0,36,312,217,23,432,149,0,0,0,0,0,0,916,300,765,0,1,0,149,538,358,1675,2476,339,82,81,46,0,330,0,0,0,0,269,0,0,0,279,402,d__Metazoa,p__Chordata,c__Actinopteri,o__Cypriniformes,f__Cyprinidae,g__Elopichthys,s__Elopichthys_bambusa,11160,spring
OTU271,141,0,286,0,0,0,0,0,0,0,0,0,0,0,0,0,0,0,0,0,0,0,0,0,0,0,0,107,0,0,0,0,0,0,0,0,0,0,0,0,0,0,0,0,0,d__Metazoa,p__Chordata,c__Actinopteri,o__Cypriniformes,f__Cyprinidae,g__Saurogobio,s__Saurogobio_dabryi,534,spring
OTU907,396,0,621,1104,2403,1633,741,1154,441,851,2066,695,9636,7155,6106,241,55,113,846,507,0,1445,299,2304,1,72,0,40,338,0,446,354,263,0,361,1457,2556,0,0,235,0,1090,0,92,0,d__Metazoa,p__Chordata,c__Actinopteri,o__Siluriformes,f__Auchenipteridae,g__Tatia,s__Carassius_auratus,48117,spring
OTU55,183,0,210,0,0,56,0,45,0,69,220,239,0,90,0,0,0,0,325,286,0,0,360,0,32,473,0,66,0,0,234,22,77,0,0,0,0,330,0,0,0,0,0,0,0,d__Metazoa,p__Chordata,c__Actinopteri,o__Centrarchiformes,f__Sinipercidae,g__Siniperca,s__Siniperca_chuatsi_x_Siniperca_scherzeri,3317,spring
OTU57,27,918,0,0,278,49,59,55,23,67,0,11,0,0,0,0,0,52,312,116,0,0,648,733,24,0,225,121,0,0,0,0,0,0,0,0,0,0,0,0,0,0,0,0,0,d__Metazoa,p__Chordata,c__Actinopteri,o__Cypriniformes,f__Cyprinidae,g__Hemibarbus,s__Hemibarbus_maculatus,3718,spring
OTU5219,21,0,5,17,12,37,2,2,3,3,1,2,39,18,17,0,0,0,2,1,1,16,5,5,2,5,4,5,1,4,16,18,23,0,3,7,3,1,0,1,0,3,5,4,2,d__Metazoa,p__Chordata,c__Actinopteri,o__Cypriniformes,f__Cyprinidae,g__Carassius,s__Carassius_gibelio,316,spring
OTU5757,6,6,7,0,0,0,0,0,0,0,0,0,0,0,0,0,0,0,0,0,0,0,0,0,0,0,0,0,4,0,5,2,0,0,0,0,2,0,0,0,0,0,1,0,0,d__Metazoa,p__Chordata,c__Actinopteri,o__Cypriniformes,f__Cyprinidae,g__Gymnocypris,s__Gymnocypris_przewalskii,33,spring
OTU2384,13,1,3,4,0,0,0,1,0,0,0,0,0,0,1,0,0,0,2,0,2,0,4,2,0,0,1,11,10,9,13,11,15,2,0,0,0,0,0,0,0,0,3,8,5,d__Metazoa,p__Chordata,c__Actinopteri,o__Cypriniformes,f__Cyprinidae,g__Cyprinus,s__Cyprinus_carpio,121,spring
OTU2012,14,3,0,0,0,0,0,0,0,2,1,0,1,0,0,0,0,0,5,3,0,0,11,0,1,4,1,7,8,12,19,25,24,1,0,0,0,0,0,0,0,0,1,21,20,d__Metazoa,p__Chordata,c__Actinopteri,o__Cypriniformes,f__Cyprinidae,g__Hypophthalmichthys,s__Hypophthalmichthys_nobilis,184,spring
OTU4056,4,1,6,0,1,1,0,0,1,0,0,1,9,3,1,0,0,0,14,3,3,57,8,5,0,0,0,1,0,1,42,24,41,0,0,0,1,0,0,0,0,9,1,3,0,d__Metazoa,p__Chordata,c__Actinopteri,o__Cypriniformes,f__Cyprinidae,g__Parabramis,s__Parabramis_pekinensis,241,spring
OTU603,7,1,1,7,5,0,1,1,1,2,1,1,13,3,1,0,0,0,31,6,3,82,11,11,1,2,0,3,0,3,43,45,65,3,0,0,3,0,0,4,0,29,3,8,0,d__Metazoa,p__Chordata,c__Actinopteri,o__Cypriniformes,f__Cyprinidae,g__Hemiculterella,s__Hemiculterella_sauvagei,401,spring
OTU3312,3,0,0,0,0,0,0,0,0,0,0,0,0,0,0,0,0,0,0,0,0,0,0,3,0,0,0,0,0,0,0,0,0,0,0,2,0,0,0,2,0,2,0,0,0,d__Metazoa,p__Chordata,c__Actinopteri,o__Scombriformes,f__Scombridae,g__Scomber,s__Scomber_japonicus,12,spring
OTU2940,2,0,1,43,4,9,2,1,0,1,4,4,26,6,11,0,0,0,4,1,0,0,1,5,0,1,0,4,2,0,22,9,28,0,4,4,2,0,0,2,0,4,0,1,2,d__Metazoa,p__Chordata,c__Actinopteri,o__Cypriniformes,f__Cyprinidae,g__Schizothorax,s__Schizothorax_eurystomus,210,spring
OTU43,0,468,0,2022,457,452,64,50,120,98,1088,193,908,470,404,0,0,0,0,0,75,0,0,0,0,0,0,0,0,0,0,0,0,0,0,0,0,0,0,0,1026,562,0,0,0,d__Metazoa,p__Chordata,c__Actinopteri,o__Cypriniformes,f__Cyprinidae,g__Hemiculter,s__Hemiculter_tchangi,8457,spring
OTU5572,0,1,0,0,0,0,0,0,0,0,0,0,0,0,0,0,0,0,4,1,0,0,1,2,0,0,1,1,0,0,0,0,0,0,0,0,0,0,0,0,0,0,0,0,0,d__Metazoa,p__Chordata,c__Actinopteri,o__Cypriniformes,f__Cyprinidae,g__Hemiculter,s__Hemiculter_leucisculus,11,spring
OTU22,0,0,355,0,1,56,0,280,49,0,170,0,0,0,19,0,0,0,1248,2286,3215,0,128,0,214,776,561,839,0,654,183,220,56,2,0,696,0,0,0,14,1059,0,0,406,607,d__Metazoa,p__Chordata,c__Actinopteri,o__Cypriniformes,f__Cyprinidae,g__Ctenopharyngodon,s__Ctenopharyngodon_idella,14094,spring
OTU166,0,0,237,0,0,0,0,0,0,0,0,0,0,0,0,0,0,44,126,164,0,0,113,0,49,0,0,48,0,0,0,0,0,0,0,0,0,0,0,0,0,0,0,0,0,d__Metazoa,p__Chordata,c__Actinopteri,o__Cypriniformes,f__Cyprinidae,g__Saurogobio,s__Saurogobio_lissilabris,781,spring
OTU51,0,0,120,880,36,2597,0,0,0,0,0,0,0,0,0,0,0,0,0,0,0,0,0,0,0,0,0,0,0,0,0,14,0,0,0,0,0,202,0,550,0,0,0,0,0,d__Metazoa,p__Chordata,c__Actinopteri,o__Siluriformes,f__Siluridae,g__Silurus,s__Silurus_asotus,4399,spring
OTU58,0,0,404,0,0,0,0,0,0,0,51,20,0,0,0,0,0,0,0,0,0,0,349,800,0,271,0,140,0,0,45,45,0,0,0,0,870,0,0,0,0,0,0,0,258,d__Metazoa,p__Chordata,c__Actinopteri,o__Clupeiformes,f__Engraulidae,g__Coilia,s__Coilia_brachygnathus,3253,spring
OTU27,0,0,0,4020,751,1516,46,105,0,305,502,635,425,248,349,118,0,0,1,0,0,0,0,0,0,0,0,0,0,0,0,0,0,0,0,0,1,0,0,0,0,0,0,0,0,d__Metazoa,p__Chordata,c__Actinopteri,o__Cypriniformes,f__Cyprinidae,g__Chanodichthys,s__Chanodichthys_ilishaeformis,9022,spring
OTU40,0,0,0,1112,87,172,169,130,42,140,299,234,608,568,185,0,0,0,239,0,0,0,0,0,0,0,0,63,607,0,0,0,36,0,376,0,0,0,0,475,0,19,0,0,0,d__Metazoa,p__Chordata,c__Actinopteri,o__Cypriniformes,f__Cyprinidae,g__Pseudobrama,s__Pseudobrama_simoni,5561,spring
OTU56,0,0,0,145,0,0,0,0,0,0,0,0,0,0,0,0,0,0,0,0,0,0,0,0,3569,451,199,0,0,0,0,0,0,0,0,0,0,0,0,0,0,0,0,0,0,d__Metazoa,p__Chordata,c__Actinopteri,o__Synbranchiformes,f__Synbranchidae,g__Monopterus,s__Monopterus_albus,4364,spring
OTU19,0,0,0,340,86,61,70,15,34,0,80,50,137,78,28,0,0,0,0,0,204,699,0,2549,0,301,0,0,0,0,51,244,175,0,0,0,0,0,0,2538,1233,4861,0,0,0,d__Metazoa,p__Chordata,c__Actinopteri,o__Siluriformes,f__Siluridae,g__Silurus,s__Silurus_soldatovi,13834,spring
OTU5990,0,0,0,1,1,1,0,0,0,1,0,1,0,0,1,0,0,0,8,0,4,0,1,0,0,1,0,0,0,6,1,2,4,2,0,0,0,0,0,20,21,0,0,7,0,d__Metazoa,p__Chordata,c__Actinopteri,o__Cypriniformes,f__Cyprinidae,g__Pseudohemiculter,s__Pseudohemiculter_dispar,83,spring
OTU654,0,0,0,0,73,0,0,0,0,0,0,0,0,0,0,0,0,0,0,0,0,0,0,0,0,0,0,0,0,0,0,24,0,0,0,0,0,0,0,0,0,0,0,0,0,d__Metazoa,p__Chordata,c__Actinopteri,o__Tetraodontiformes,f__Tetraodontidae,g__Takifugu,s__Takifugu_bimaculatus,97,spring
OTU6,0,0,0,0,50,309,0,0,0,0,0,0,0,0,0,0,0,0,0,0,0,0,0,0,26658,5857,8409,0,0,0,0,2,0,0,0,0,0,0,0,0,0,0,0,0,0,d__Metazoa,p__Chordata,c__Actinopteri,o__Cypriniformes,f__Cobitidae,g__Misgurnus,s__Misgurnus_anguillicaudatus,41285,spring
OTU519,0,0,0,0,35,0,0,21,0,0,63,0,0,0,0,0,0,0,0,0,0,94,0,0,0,0,80,43,0,0,18,26,0,0,0,0,0,0,0,0,0,0,0,0,0,d__Metazoa,p__Chordata,c__Actinopteri,o__Cypriniformes,f__Cyprinidae,g__Acanthorhodeus,s__Acanthorhodeus_chankaensis,380,spring
OTU368,0,0,0,0,48,81,60,0,0,0,0,0,0,0,0,70,78,0,0,0,0,0,0,0,0,0,0,326,0,0,28,35,0,0,0,0,0,0,0,0,0,0,0,0,0,d__Metazoa,p__Chordata,c__Actinopteri,o__Cypriniformes,f__Cyprinidae,g__Megalobrama,s__Megalobrama_terminalis,726,spring
OTU46,0,0,0,0,23,0,1437,306,426,0,0,57,512,124,297,0,0,0,0,0,0,0,0,0,0,217,0,0,0,0,0,0,0,0,0,656,0,0,0,0,0,1024,0,0,0,d__Metazoa,p__Chordata,c__Actinopteri,o__Gobiiformes,f__Gobiidae,g__Rhinogobius,s__Rhinogobius_similis,5079,spring
OTU796,0,0,0,0,0,64,0,0,15,0,0,0,0,0,0,0,0,0,0,0,0,0,0,0,0,0,0,0,0,0,0,0,0,0,0,0,0,0,0,0,0,0,0,0,0,d__Metazoa,p__Chordata,c__Actinopteri,o__Cypriniformes,f__Cyprinidae,g__Acanthorhodeus,s__Acanthorhodeus_chankaensis,79,spring
OTU596,0,0,0,0,0,14,0,0,0,0,0,0,0,42,52,0,0,0,0,0,0,0,0,0,17,0,0,0,0,0,0,0,0,0,0,0,0,0,0,0,0,0,0,0,0,d__Metazoa,p__Chordata,c__Actinopteri,o__Cypriniformes,f__Cyprinidae,g__Pseudorasbora,s__Pseudorasbora_parva,125,spring
OTU5988,0,0,0,0,0,1,0,0,34,3,26,8,0,0,1,0,0,0,0,0,7,0,0,0,0,0,0,0,0,0,0,0,0,0,0,0,0,0,0,0,64,24,0,0,0,d__Metazoa,p__Chordata,c__Actinopteri,o__Cypriniformes,f__Cyprinidae,g__Toxabramis,s__Toxabramis_swinhonis,168,spring
OTU1379,0,0,0,0,0,0,41,0,0,0,0,0,0,0,0,0,0,0,0,0,0,0,0,0,0,0,0,0,0,0,0,0,0,0,0,0,0,0,0,0,0,0,0,0,0,d__Metazoa,p__Chordata,c__Actinopteri,o__Cypriniformes,f__Acheilognathidae,g__Rhodeus,s__Rhodeus_notatus,41,spring
OTU1524,0,0,0,0,0,0,21,0,0,0,0,0,0,0,0,0,0,0,0,0,0,0,0,0,0,0,0,0,0,0,0,0,0,0,0,0,0,0,0,0,0,0,0,0,0,d__Metazoa,p__Chordata,c__Actinopteri,o__Cypriniformes,f__Cyprinidae,g__Chanodichthys,s__Chanodichthys_dabryi,21,spring
OTU1008,0,0,0,0,0,0,15,0,0,0,0,0,0,0,0,0,0,0,0,0,0,0,0,0,0,0,57,0,0,0,0,0,0,0,0,0,0,0,0,0,0,0,0,0,0,d__Metazoa,p__Chordata,c__Actinopteri,o__Cypriniformes,f__Acheilognathidae,g__Acheilognathus,s__Acheilognathus_rhombeus,72,spring
OTU92,0,0,0,0,0,0,17,53,11,0,0,0,0,0,0,0,0,0,0,0,0,0,0,1494,0,0,0,0,0,0,0,0,0,0,0,0,0,0,0,0,0,0,0,0,0,d__Metazoa,p__Chordata,c__Actinopteri,o__Cypriniformes,f__Acheilognathidae,g__Acheilognathus,s__Acheilognathus_imberbis,1575,spring
OTU2963,0,0,0,0,0,0,9,0,0,0,0,0,0,0,0,0,0,0,0,0,0,0,0,0,0,0,0,0,0,0,0,0,0,0,0,0,0,0,0,0,0,0,0,0,0,d__Metazoa,p__Chordata,c__Actinopteri,o__Beloniformes,f__Hemiramphidae,g__Hyporhamphus,s__Hyporhamphus_intermedius,9,spring
OTU976,0,0,0,0,0,0,0,44,0,0,0,0,0,0,0,0,0,0,451,0,158,0,0,0,0,97,0,72,0,0,23,19,0,0,0,0,440,0,0,0,0,0,0,0,0,d__Metazoa,p__Chordata,c__Actinopteri,o__Cypriniformes,f__Cyprinidae,g__Culter,s__Culter_alburnus,1304,spring
OTU2,0,0,0,0,0,0,0,38,0,33,0,0,24,0,59,0,0,0,0,0,0,0,0,3,0,0,0,0,0,0,0,53,79,0,0,0,0,0,0,0,0,0,0,0,0,d__Metazoa,p__Chordata,c__Actinopteri,o__Anabantiformes,f__Channidae,g__Channa,s__Channa_argus,289,spring
OTU103,0,0,0,0,0,0,0,24,0,0,0,0,0,0,0,0,0,0,1242,0,0,0,0,0,23,0,0,105,0,188,36,11,0,0,0,0,0,0,0,0,0,0,0,0,0,d__Metazoa,p__Chordata,c__Actinopteri,o__Cypriniformes,f__Cyprinidae,g__Microphysogobio,s__Microphysogobio_sp._ZF-11935,1629,spring
OTU33,0,0,0,0,0,0,0,0,180,0,189,0,0,0,31,183,0,0,0,0,0,0,0,0,0,0,0,122,0,0,0,0,0,597,0,282,3969,658,567,0,0,0,0,0,0,d__Metazoa,p__Chordata,c__Actinopteri,o__norank_Actinopteri,f__Sciaenidae,g__Larimichthys,s__Larimichthys_crocea,6778,spring
OTU100,0,0,0,0,0,0,0,0,11,0,0,0,126,0,19,0,0,0,0,200,0,0,0,0,33,0,0,0,0,0,77,0,65,0,0,0,0,0,0,0,0,0,0,0,0,d__Metazoa,p__Chordata,c__Actinopteri,o__Gobiiformes,f__Gobiidae,g__Rhinogobius,s__Rhinogobius_cliffordpopei,531,spring
OTU2613,0,0,0,0,0,0,0,0,8,0,0,16,0,0,0,0,0,0,0,0,0,0,0,0,0,0,0,0,0,0,9,0,0,0,0,0,0,0,0,0,0,0,0,0,0,d__Metazoa,p__Chordata,c__Actinopteri,o__Cypriniformes,f__Cobitidae,g__Cobitis,s__Cobitis_melanoleuca,33,spring
OTU367,0,0,0,0,0,0,0,0,0,48,0,0,0,0,0,0,0,0,0,0,0,0,0,0,0,0,0,0,0,164,0,0,0,0,0,0,0,0,0,0,0,0,20,0,0,d__Metazoa,p__Chordata,c__Actinopteri,o__Cypriniformes,f__Cyprinidae,g__Pseudolaubuca,s__Pseudolaubuca_sinensis,232,spring
OTU922,0,0,0,0,0,0,0,0,0,0,0,42,0,0,0,0,0,0,0,0,0,0,0,0,0,0,0,75,0,152,0,24,0,0,0,0,0,0,0,0,671,0,0,0,0,d__Metazoa,p__Chordata,c__Actinopteri,o__Cypriniformes,f__Cyprinidae,g__Hypophthalmichthys,s__Hypophthalmichthys_molitrix,964,spring
OTU5134,0,0,0,0,0,0,0,0,0,0,0,1,0,0,0,0,0,0,2,0,0,0,0,0,0,0,0,0,1,0,0,0,0,0,1,0,0,0,0,0,0,0,0,0,0,d__Metazoa,p__Chordata,c__Actinopteri,o__Cypriniformes,f__Cyprinidae,g__Pseudobrama,s__Pseudobrama_simoni,5,spring
OTU213,0,0,0,0,0,0,0,0,0,0,0,0,95,308,75,0,0,0,0,0,0,0,0,0,0,0,0,0,0,0,0,0,0,0,0,0,0,0,0,0,0,0,0,0,202,d__Metazoa,p__Chordata,c__Actinopteri,o__Centrarchiformes,f__Centrarchidae,g__Micropterus,s__Micropterus_salmoides,680,spring
OTU233,0,0,0,0,0,0,0,0,0,0,0,0,72,46,285,0,0,0,0,0,0,0,0,0,0,0,0,0,0,0,0,0,0,0,0,0,0,0,0,0,0,0,0,0,0,d__Metazoa,p__Chordata,c__Actinopteri,o__Gobiiformes,f__Gobiidae,g__Mugilogobius,s__Mugilogobius_myxodermus,403,spring
OTU1046,0,0,0,0,0,0,0,0,0,0,0,0,61,0,0,0,0,0,0,0,0,0,0,0,0,0,0,0,0,0,0,0,0,0,0,0,0,0,0,0,0,0,0,0,0,d__Metazoa,p__Chordata,c__Actinopteri,o__Cypriniformes,f__Cobitidae,g__Cobitis,s__Cobitis_sp._BIWAE_type_B,61,spring
OTU5502,0,0,0,0,0,0,0,0,0,0,0,0,0,1,0,0,0,0,1,2,0,0,0,0,0,0,0,1,0,0,1,2,1,0,0,0,0,0,0,0,0,0,0,0,0,d__Metazoa,p__Chordata,c__Actinopteri,o__Siluriformes,f__Bagridae,g__Tachysurus,s__Tachysurus_fulvidraco,9,spring
OTU2630,0,0,0,0,0,0,0,0,0,0,0,0,0,0,12,0,0,0,0,0,0,0,0,0,0,0,0,0,0,0,0,0,0,0,0,0,0,0,0,0,0,0,0,0,0,d__Metazoa,p__Chordata,c__Actinopteri,o__Cypriniformes,f__Cyprinidae,g__Abbottina,s__Abbottina_rivularis,12,spring
OTU137,0,0,0,0,0,0,0,0,0,0,0,0,0,0,0,85,0,0,0,0,0,0,0,0,180,671,681,0,0,0,0,0,20,0,0,0,0,0,0,95,0,0,0,0,0,d__Metazoa,p__Chordata,c__Actinopteri,o__Cypriniformes,f__Cobitidae,g__Paramisgurnus,s__Paramisgurnus_dabryanus,1732,spring
OTU4087,0,0,0,0,0,0,0,0,0,0,0,0,0,0,0,1,0,0,0,0,0,0,0,0,0,7,5,0,0,0,0,0,1,0,0,0,0,0,0,1,0,0,0,0,0,d__Metazoa,p__Chordata,c__Actinopteri,o__Cypriniformes,f__Cobitidae,g__Paramisgurnus,s__Paramisgurnus_dabryanus,15,spring
OTU1271,0,0,0,0,0,0,0,0,0,0,0,0,0,0,0,0,0,42,0,0,0,0,0,0,0,0,0,0,0,0,0,0,0,0,0,0,0,0,0,0,0,0,0,0,0,d__Metazoa,p__Chordata,c__Actinopteri,o__Salmoniformes,f__Salmonidae,g__Salmo,s__Salmo_salar,42,spring
OTU172,0,0,0,0,0,0,0,0,0,0,0,0,0,0,0,0,0,0,347,0,0,0,276,0,0,0,0,0,0,0,0,14,0,0,0,0,0,0,0,0,0,0,0,0,0,d__Metazoa,p__Chordata,c__Actinopteri,o__Cypriniformes,f__Cobitidae,g__Kichulchoia,s__Kichulchoia_multifasciata,637,spring
OTU2511,0,0,0,0,0,0,0,0,0,0,0,0,0,0,0,0,0,0,35,0,0,0,0,0,0,0,0,3,0,4,0,0,0,0,0,0,0,0,0,0,0,0,0,0,0,d__Metazoa,p__Chordata,c__Actinopteri,o__Cypriniformes,f__Cyprinidae,g__Microphysogobio,s__Microphysogobio_sp._ZF-11935,42,spring
OTU1642,0,0,0,0,0,0,0,0,0,0,0,0,0,0,0,0,0,0,2,0,0,0,1,0,0,0,0,0,0,0,32,0,1,0,0,0,0,0,0,0,0,0,3,0,0,d__Metazoa,p__Chordata,c__Actinopteri,o__Siluriformes,f__Bagridae,g__Tachysurus,s__Tachysurus_argentivittatus,39,spring
OTU932,0,0,0,0,0,0,0,0,0,0,0,0,0,0,0,0,0,0,0,64,0,0,0,0,0,0,0,0,0,0,0,0,0,0,0,0,0,0,0,0,0,0,0,0,0,d__Metazoa,p__Chordata,c__Actinopteri,o__Cypriniformes,f__Cyprinidae,g__Megalobrama,s__Megalobrama_terminalis,64,spring
OTU188,0,0,0,0,0,0,0,0,0,0,0,0,0,0,0,0,0,0,0,0,0,64,0,0,39,0,0,224,380,0,68,19,16,0,0,0,0,0,0,0,0,0,0,0,0,d__Metazoa,p__Chordata,c__Actinopteri,o__Cypriniformes,f__Cyprinidae,g__Sarcocheilichthys,s__Sarcocheilichthys_sinensis,810,spring
OTU1304,0,0,0,0,0,0,0,0,0,0,0,0,0,0,0,0,0,0,0,0,0,0,0,0,45,0,0,0,0,0,0,0,0,0,0,0,0,0,0,0,0,0,0,0,0,d__Metazoa,p__Chordata,c__Actinopteri,o__Gobiiformes,f__Odontobutidae,g__Odontobutis,s__Odontobutis_sinensis,45,spring
OTU1505,0,0,0,0,0,0,0,0,0,0,0,0,0,0,0,0,0,0,0,0,0,0,0,0,36,0,0,0,0,0,0,0,0,0,0,0,0,0,0,0,0,0,0,0,0,d__Metazoa,p__Chordata,c__Actinopteri,o__Cypriniformes,f__Cobitidae,g__Misgurnus,s__Misgurnus_sp._CBM:ZF:12460,36,spring
OTU217,0,0,0,0,0,0,0,0,0,0,0,0,0,0,0,0,0,0,0,0,0,0,0,0,0,143,0,0,0,0,0,13,0,0,0,0,0,0,0,277,0,0,0,0,204,d__Metazoa,p__Chordata,c__Actinopteri,o__Siluriformes,f__Bagridae,g__Tachysurus,s__Tachysurus_nitidus,637,spring
OTU581,0,0,0,0,0,0,0,0,0,0,0,0,0,0,0,0,0,0,0,0,0,0,0,0,0,0,110,0,0,0,0,6,0,0,0,0,0,0,0,0,0,0,0,0,0,d__Metazoa,p__Chordata,c__Actinopteri,o__Cypriniformes,f__Cyprinidae,g__Sarcocheilichthys,s__Sarcocheilichthys_nigripinnis,116,spring
OTU3688,0,0,0,0,0,0,0,0,0,0,0,0,0,0,0,0,0,0,0,0,0,0,0,0,0,0,0,119,0,104,0,0,0,308,0,0,0,0,0,0,0,0,0,0,0,d__Metazoa,p__Chordata,c__Actinopteri,o__Cypriniformes,f__Cyprinidae,g__Mylopharyngodon,s__Mylopharyngodon_piceus,531,spring
OTU218,0,0,0,0,0,0,0,0,0,0,0,0,0,0,0,0,0,0,0,0,0,0,0,0,0,0,0,102,0,0,0,15,0,0,0,331,0,0,0,0,0,0,0,0,0,d__Metazoa,p__Chordata,c__Actinopteri,o__Cypriniformes,f__Cyprinidae,g__Squalidus,s__Squalidus_argentatus,448,spring
OTU1071,0,0,0,0,0,0,0,0,0,0,0,0,0,0,0,0,0,0,0,0,0,0,0,0,0,0,0,93,0,0,20,16,0,0,0,0,0,0,0,0,0,0,0,0,0,d__Metazoa,p__Chordata,c__Actinopteri,o__Cypriniformes,f__Acheilognathidae,g__Acheilognathus,s__Acheilognathus_yamatsutae,129,spring
OTU5669,0,0,0,0,0,0,0,0,0,0,0,0,0,0,0,0,0,0,0,0,0,0,0,0,0,0,0,1,0,0,0,0,0,0,0,2,0,0,0,0,0,0,0,0,0,d__Metazoa,p__Chordata,c__Actinopteri,o__Cypriniformes,f__Cyprinidae,g__Parabramis,s__Parabramis_pekinensis,3,spring
OTU959,0,0,0,0,0,0,0,0,0,0,0,0,0,0,0,0,0,0,0,0,0,0,0,0,0,0,0,0,0,197,0,0,0,0,0,0,0,0,0,0,0,0,0,0,0,d__Metazoa,p__Chordata,c__Actinopteri,o__Cypriniformes,f__Cyprinidae,g__Pseudohemiculter,s__Pseudohemiculter_dispar,197,spring
OTU2692,0,0,0,0,0,0,0,0,0,0,0,0,0,0,0,0,0,0,0,0,0,0,0,0,0,0,0,0,0,1,49,30,0,0,0,0,0,0,0,746,0,0,0,0,0,d__Metazoa,p__Chordata,c__Actinopteri,o__Cypriniformes,f__Cyprinidae,g__Squaliobarbus,s__Squaliobarbus_curriculus,826,spring
OTU1513,0,0,0,0,0,0,0,0,0,0,0,0,0,0,0,0,0,0,0,0,0,0,0,0,0,0,0,0,0,0,35,0,0,0,0,0,0,0,0,0,0,0,0,0,0,d__Metazoa,p__Chordata,c__Actinopteri,o__Cypriniformes,f__Acheilognathidae,g__Rhodeus,s__Rhodeus_uyekii,35,spring
OTU2880,0,0,0,0,0,0,0,0,0,0,0,0,0,0,0,0,0,0,0,0,0,0,0,0,0,0,0,0,0,0,10,0,0,0,0,0,0,0,0,0,0,0,0,0,0,d__Metazoa,p__Chordata,c__Actinopteri,o__Cypriniformes,f__Cobitidae,g__Misgurnus,s__Misgurnus_anguillicaudatus,10,spring
OTU1596,0,0,0,0,0,0,0,0,0,0,0,0,0,0,0,0,0,0,0,0,0,0,0,0,0,0,0,0,0,0,10,56,61,0,0,0,0,0,0,0,0,0,0,0,0,d__Metazoa,p__Chordata,c__Actinopteri,o__Siluriformes,f__Bagridae,g__Pseudobagrus,s__Pseudobagrus_crassilabris,127,spring
OTU3712,0,0,0,0,0,0,0,0,0,0,0,0,0,0,0,0,0,0,0,0,0,0,0,0,0,0,0,0,0,0,2,1,4,0,0,0,0,0,0,0,0,0,0,0,0,d__Metazoa,p__Chordata,c__Actinopteri,o__Siluriformes,f__Bagridae,g__Pseudobagrus,s__Pseudobagrus_tenuis,7,spring
OTU1868,0,0,0,0,0,0,0,0,0,0,0,0,0,0,0,0,0,0,0,0,0,0,0,0,0,0,0,0,0,0,0,20,0,0,0,0,0,0,0,0,0,0,0,0,0,d__Metazoa,p__Chordata,c__Actinopteri,o__Cypriniformes,f__Acheilognathidae,g__Acheilognathus,s__Acheilognathus_rhombeus,20,spring
OTU936,0,0,0,0,0,0,0,0,0,0,0,0,0,0,0,0,0,0,0,0,0,0,0,0,0,0,0,0,0,0,0,27,46,0,0,0,0,0,0,0,0,0,0,0,0,d__Metazoa,p__Chordata,c__Actinopteri,o__Cypriniformes,f__Acheilognathidae,g__Rhodeus,s__Rhodeus_uyekii,73,spring
OTU2695,0,0,0,0,0,0,0,0,0,0,0,0,0,0,0,0,0,0,0,0,0,0,0,0,0,0,0,0,0,0,0,12,0,0,0,0,0,0,0,0,0,0,0,0,0,d__Metazoa,p__Chordata,c__Actinopteri,o__Cypriniformes,f__Acheilognathidae,g__Acheilognathus,s__Acheilognathus_rhombeus,12,spring
OTU534,0,0,0,0,0,0,0,0,0,0,0,0,0,0,0,0,0,0,0,0,0,0,0,0,0,0,0,0,0,0,0,0,0,0,137,0,0,0,0,0,0,0,0,0,0,d__Metazoa,p__Chordata,c__Actinopteri,o__Cypriniformes,f__Cyprinidae,g__Schizothorax,s__Schizothorax_eurystomus,137,spring
OTU66,0,0,0,0,0,0,0,0,0,0,0,0,0,0,0,0,0,0,0,0,0,0,0,0,0,0,0,0,0,0,0,0,0,0,0,3321,740,0,0,0,0,0,0,0,0,d__Metazoa,p__Chordata,c__Actinopteri,o__Cypriniformes,f__Nemacheilidae,g__Lefua,s__Lefua_costata,4061,spring
OTU5872,0,0,0,0,0,0,0,0,0,0,0,0,0,0,0,0,0,0,0,0,0,0,0,0,0,0,0,0,0,0,0,0,0,0,0,7,0,0,0,0,0,0,0,0,0,d__Metazoa,p__Chordata,c__Actinopteri,o__Cypriniformes,f__Cyprinidae,g__Parabramis,s__Parabramis_pekinensis,7,spring
OTU268,0,0,0,0,0,0,0,0,0,0,0,0,0,0,0,0,0,0,0,0,0,0,0,0,0,0,0,0,0,0,0,0,0,0,0,0,0,341,0,0,0,0,0,0,0,d__Metazoa,p__Chordata,c__Actinopteri,o__Pleuronectiformes,f__Scophthalmidae,g__Scophthalmus,s__Scophthalmus_maximus,341,spring
OTU110,0,0,0,0,0,0,0,0,0,0,0,0,0,0,0,0,0,0,0,0,0,0,0,0,0,0,0,0,0,0,0,0,0,0,0,0,0,0,1141,0,0,0,0,0,0,d__Metazoa,p__Chordata,c__Actinopteri,o__Cypriniformes,f__Cyprinidae,g__Rhynchocypris,s__Rhynchocypris_lagowskii,1141,spring
OTU128,0,0,0,0,0,0,0,0,0,0,0,0,0,0,0,0,0,0,0,0,0,0,0,0,0,0,0,0,0,0,0,0,0,0,0,0,0,0,950,0,0,0,0,0,0,d__Metazoa,p__Chordata,c__Actinopteri,o__Cypriniformes,f__Cyprinidae,g__Opsariichthys,s__Opsariichthys_uncirostris,950,spring
OTU4867,0,0,0,0,0,0,0,0,0,0,0,0,0,0,0,0,0,0,0,0,0,0,0,0,0,0,0,0,0,0,0,0,0,0,0,0,0,0,0,150,0,0,0,0,0,d__Metazoa,p__Chordata,c__Actinopteri,o__Anabantiformes,f__Channidae,g__Channa,s__Channa_argus,150,spring
OTU219,0,0,0,0,0,0,0,0,0,0,0,0,0,0,0,0,0,0,0,0,0,0,0,0,0,0,0,0,0,0,0,0,0,0,0,0,0,0,0,0,435,0,0,0,0,d__Metazoa,p__Chordata,c__Actinopteri,o__Anabantiformes,f__Channidae,g__Channa,s__Channa_striata,435,spring
OTU118,0,0,0,0,0,0,0,0,0,0,0,0,0,0,0,0,0,0,0,0,0,0,0,0,0,0,0,0,0,0,0,0,0,0,0,0,0,0,0,0,1057,0,0,0,0,d__Metazoa,p__Chordata,c__Actinopteri,o__norank_Actinopteri,f__Pomacentridae,g__Amphiprion,s__Amphiprion_ocellaris,1057,spring
OTU5992,0,0,0,0,0,0,0,0,0,0,0,0,0,0,0,0,0,0,0,0,0,0,0,0,0,0,0,0,0,0,0,0,0,0,0,0,0,0,0,0,2,0,0,0,0,d__Metazoa,p__Chordata,c__Actinopteri,o__Cypriniformes,f__Cyprinidae,g__Pseudohemiculter,s__Pseudohemiculter_dispar,2,spring
OTU2328,0,0,0,0,0,0,0,0,0,0,0,0,0,0,0,0,0,0,0,0,0,0,0,0,0,0,0,0,0,0,0,0,0,0,0,0,0,0,0,0,0,488,0,0,0,d__Metazoa,p__Chordata,c__Actinopteri,o__Cypriniformes,f__Cyprinidae,g__Pseudobrama,s__Pseudobrama_simoni,488,spring
OTU2920,0,0,0,0,0,0,0,0,0,0,0,0,0,0,0,0,0,0,0,0,0,0,0,0,0,0,0,0,0,0,0,0,0,0,0,0,0,0,0,0,0,14,0,1,0,d__Metazoa,p__Chordata,c__Actinopteri,o__Cypriniformes,f__Cyprinidae,g__Mylopharyngodon,s__Mylopharyngodon_piceus,15,spring
OTU715,0,0,0,0,0,0,0,0,0,0,0,0,0,0,0,0,0,0,0,0,0,0,0,0,0,0,0,0,0,0,0,0,0,0,0,0,0,0,0,0,0,0,114,0,0,d__Metazoa,p__Chordata,c__Actinopteri,o__Aulopiformes,f__Synodontidae,g__Harpadon,s__Harpadon_nehereus,114,spring
OTU996,0,0,0,0,0,0,0,0,0,0,0,0,0,0,0,0,0,0,0,0,0,0,0,0,0,0,0,0,0,0,0,0,0,0,0,0,0,0,0,0,0,0,69,0,0,d__Metazoa,p__Chordata,c__Actinopteri,o__norank_Actinopteri,f__Sciaenidae,g__Collichthys,s__Collichthys_lucidus,69,spring
OTU515,0,0,0,0,0,0,0,0,0,0,0,0,0,0,0,0,0,0,0,0,0,0,0,0,0,0,0,0,0,0,0,0,0,0,0,0,0,0,0,0,0,0,0,0,142,d__Metazoa,p__Chordata,c__Actinopteri,o__Clupeiformes,f__Clupeidae,g__Clupanodon,s__Clupanodon_thrissa,142,spring
OTU48,383,298,520,10,24,29,15,38,37,1584,1018,642,465,486,459,7,9,7,63,23,23,728,1934,1416,87,38,66,10,28,14,17,38,52,8,11,13,8,21,8,7,8,33,44,22,24,d__Metazoa,p__Chordata,c__Actinopteri,o__Cypriniformes,f__Cyprinidae,g__Carassius,s__Carassius_auratus_auratus,10775,summer
OTU1328,318,188,69,209,108,160,60,99,98,473,383,243,159,119,929,55,7,6,153,106,115,222,671,275,99,186,73,121,35,81,115,107,300,62,57,28,28,6,26,71,110,71,68,70,59,d__Metazoa,p__Chordata,c__Actinopteri,o__Cypriniformes,f__Cyprinidae,g__Cyprinus,s__Cyprinus_carpio,6998,summer
OTU100,169,181,223,13,12,7,8,10,2,108,8,16,62,53,43,5,2,4,6,26,6,55,38,55,15,16,1,2,43,66,54,22,91,1372,172,775,1,3,24,8,1,58,65,57,92,d__Metazoa,p__Chordata,c__Actinopteri,o__Cypriniformes,f__Cyprinidae,g__Ctenopharyngodon,s__Ctenopharyngodon_idella,4050,summer
OTU78,213,477,241,169,124,114,365,543,242,431,461,393,54,38,28,169,48,33,144,90,177,90,138,59,8,68,35,23,5,30,21,82,53,5,24,74,395,540,323,339,35,259,221,154,112,d__Metazoa,p__Chordata,c__Actinopteri,o__Cypriniformes,f__Cyprinidae,g__Ancherythroculter,s__Ancherythroculter_wangi,7647,summer
OTU77,97,9,89,17,34,26,188,294,669,564,272,530,120,116,68,7,2,3,162,247,66,355,571,1008,6,5,5,6,3,5,37,31,29,92,21,72,5,104,149,6,2,6,50,3,4,d__Metazoa,p__Chordata,c__Actinopteri,o__Gobiiformes,f__Gobiidae,g__Rhinogobius,s__Rhinogobius_similis,6155,summer
OTU106,82,19,60,56,21,50,9,5,4,298,287,196,579,511,426,5,1,7,4,36,54,281,201,546,8,40,20,2,7,24,1,24,37,1,5,2,35,5,27,4,3,5,7,41,24,d__Metazoa,p__Chordata,c__Actinopteri,o__Siluriformes,f__Bagridae,g__Tachysurus,s__Tachysurus_fulvidraco,4060,summer
OTU200,44,18,49,10,6,0,48,2,1,310,645,105,59,98,55,2,0,2,2,4,5,25,20,2,19,1,16,1,13,1,1,16,12,1,1,1,39,16,3,0,1,0,2,0,1,d__Metazoa,p__Chordata,c__Actinopteri,o__Siluriformes,f__Siluridae,g__Silurus,s__Silurus_asotus,1657,summer
OTU857,44,0,0,0,0,0,15,9,17,12,29,10,0,17,2,0,0,0,0,0,0,30,17,25,0,0,0,0,2,0,0,0,0,0,1,0,0,13,0,0,0,0,0,0,0,d__Metazoa,p__Chordata,c__Actinopteri,o__Cypriniformes,f__Cyprinidae,g__Abbottina,s__Abbottina_rivularis,243,summer
OTU159,37,9,7,39,56,131,73,97,148,534,959,604,179,127,220,5,7,5,311,139,341,445,249,541,10,28,24,28,7,10,14,7,20,4,36,61,46,126,34,51,3,4,37,28,7,d__Metazoa,p__Chordata,c__Actinopteri,o__Gobiiformes,f__Gobiidae,g__Rhinogobius,s__Rhinogobius_cliffordpopei,5848,summer
OTU239,33,69,17,2,2,50,1,5,20,85,62,187,0,3,1,1,0,2,15,34,1,98,78,92,18,42,17,29,1,1,38,42,45,0,2,28,58,34,2,21,1,0,15,26,42,d__Metazoa,p__Chordata,c__Actinopteri,o__Centrarchiformes,f__Sinipercidae,g__Siniperca,s__Siniperca_chuatsi_x_Siniperca_scherzeri,1320,summer
OTU1107,28,0,1,3,1,0,107,1,0,14,1,1,0,1,0,1,0,0,39,25,5,2,1,1,1,0,1,15,0,24,0,0,6,24,1,33,2,0,0,0,0,31,19,4,0,d__Metazoa,p__Chordata,c__Actinopteri,o__Cypriniformes,f__Cyprinidae,g__Megalobrama,s__Megalobrama_terminalis×Culter alburnus,393,summer
OTU1065,24,0,0,0,0,0,0,1,0,55,23,4,1,0,0,0,1,1,0,0,0,0,0,0,0,0,0,0,0,0,0,0,0,0,0,0,0,0,0,0,0,0,0,37,0,d__Metazoa,p__Chordata,c__Actinopteri,o__Cypriniformes,f__Cyprinidae,g__Chanodichthys,s__Chanodichthys_dabryi,147,summer
OTU160,16,2,70,36,154,147,44,45,60,75,64,154,217,45,43,2,3,20,42,37,2,19,22,18,1,44,22,50,13,18,6,19,28,21,16,100,52,27,18,50,2,4,91,94,29,d__Metazoa,p__Chordata,c__Actinopteri,o__Cypriniformes,f__Cyprinidae,g__Elopichthys,s__Elopichthys_bambusa,2042,summer
OTU146,17,12,63,56,102,66,791,830,741,93,73,36,49,44,114,23,1,8,41,4,22,10,16,25,7,6,5,10,11,7,7,2,24,265,344,348,31,18,5,36,3,28,33,22,44,d__Metazoa,p__Chordata,c__Actinopteri,o__Cypriniformes,f__Cyprinidae,g__Hypophthalmichthys,s__Hypophthalmichthys_nobilis,4493,summer
OTU221,7,97,50,1,25,0,8,12,3,354,164,237,164,85,167,0,1,0,23,37,4,3,13,2,3,0,3,3,2,1,0,14,5,5,2,1,0,2,3,2,1,0,2,0,1,d__Metazoa,p__Chordata,c__Actinopteri,o__Cypriniformes,f__Cyprinidae,g__Chanodichthys,s__Cultrichthys_erythropterus,1507,summer
OTU75,8,3,76,99,68,88,385,482,193,606,1445,509,148,96,249,7,5,4,37,57,57,265,279,558,56,20,48,19,16,13,13,3,42,7,4,7,8,6,4,4,5,7,19,27,21,d__Metazoa,p__Chordata,c__Actinopteri,o__Cypriniformes,f__Cyprinidae,g__Pseudobrama,s__Pseudobrama_simoni,6073,summer
OTU37,14,18,29,1860,1518,1590,1534,2028,175,1084,468,908,431,432,338,135,40,90,76,42,66,177,639,250,44,16,39,14,11,14,10,5,24,16,15,10,14,19,10,12,10,15,18,21,11,d__Metazoa,p__Chordata,c__Actinopteri,o__Cypriniformes,f__Cyprinidae,g__Hemiculter,s__Hemiculter_tchangi,14290,summer
OTU9504,3,3,0,2,2,0,2,0,1,5,4,2,0,6,10,0,0,0,0,0,1,5,11,4,1,5,0,0,0,2,2,0,2,1,2,0,1,0,1,0,0,0,2,0,1,d__Metazoa,p__Chordata,c__Actinopteri,o__Cypriniformes,f__Cyprinidae,g__Cyprinus,s__Cyprinus_carpio,81,summer
OTU164,2,0,2,4,1,59,17,16,42,10,1,3,44,93,95,3,2,6,2,1,3,182,177,1173,1,2,44,3,0,3,18,0,4,3,4,1,0,3,1,1,1,0,2,2,2,d__Metazoa,p__Chordata,c__Actinopteri,o__Anabantiformes,f__Channidae,g__Channa,s__Channa_argus,2033,summer
OTU5303,1,0,1,1,0,0,0,1,11,33,202,0,22,13,20,0,0,0,30,0,10,48,1,62,0,0,0,33,0,0,1,14,1,0,1,0,0,0,0,0,0,0,0,0,1,d__Metazoa,p__Chordata,c__Actinopteri,o__Gobiiformes,f__Gobiidae,g__Rhinogobius,s__Rhinogobius_brunneus,507,summer
OTU133,1,1,16,13,1,1,0,6,6,32,41,96,18,2,22,0,0,0,15,3,17,416,964,1285,1,43,4,3,2,1,10,18,9,0,2,0,0,1,0,4,1,1,0,2,0,d__Metazoa,p__Chordata,c__Actinopteri,o__Cypriniformes,f__Acheilognathidae,g__Acheilognathus,s__Acheilognathus_yamatsutae,3058,summer
OTU304,2,1,39,0,0,2,2,29,0,107,82,63,6,2,16,2,2,0,57,30,0,187,81,201,161,55,85,0,3,1,6,33,13,1,0,2,0,0,0,1,3,0,2,10,2,d__Metazoa,p__Chordata,c__Actinopteri,o__Cypriniformes,f__Acheilognathidae,g__Acheilognathus,s__Acheilognathus_macropterus,1289,summer
OTU1008,1,1,0,0,0,0,1,0,0,0,0,0,0,1,0,0,0,0,37,11,8,0,1,0,0,0,40,7,1,35,16,21,2,0,18,2,0,0,0,32,0,13,9,35,19,d__Metazoa,p__Chordata,c__Actinopteri,o__Siluriformes,f__Bagridae,g__Pseudobagrus,s__Pseudobagrus_crassilabris,311,summer
OTU737,1,0,1,0,0,2,1,0,0,0,0,0,0,1,0,0,0,0,0,1,0,2,0,1,0,0,0,4,2,0,0,0,0,0,1,0,0,36,0,34,0,0,83,27,54,d__Metazoa,p__Chordata,c__Actinopteri,o__Siluriformes,f__Bagridae,g__Tachysurus,s__Tachysurus_argentivittatus,251,summer
OTU283,2,4,9,1,1,1,1,0,3,119,330,101,102,86,113,3,1,0,1,0,2,5,72,153,0,1,0,3,0,0,12,0,2,1,0,2,2,0,0,0,1,18,1,1,0,d__Metazoa,p__Chordata,c__Actinopteri,o__Gobiiformes,f__Gobiidae,g__Mugilogobius,s__Mugilogobius_myxodermus,1154,summer
OTU398,2,0,17,17,27,72,39,15,37,79,152,165,34,12,34,2,0,2,18,8,24,29,8,3,46,1,22,6,19,24,28,66,74,20,20,33,2,11,2,157,0,56,85,48,43,d__Metazoa,p__Chordata,c__Actinopteri,o__Cypriniformes,f__Cyprinidae,g__Megalobrama,s__Megalobrama_terminalis,1559,summer
OTU416,1,9,1,35,13,32,3,14,22,1,0,10,2,0,2,1,0,30,56,34,22,57,0,2,60,0,0,0,19,0,1,1,1,0,1,0,0,0,1,0,0,18,10,12,0,d__Metazoa,p__Chordata,c__Actinopteri,o__Clupeiformes,f__Engraulidae,g__Coilia,s__Coilia_nasus,471,summer
OTU1992,1,0,0,0,0,0,0,0,0,1,0,0,0,1,0,0,0,0,0,0,0,0,0,0,16,0,0,0,0,0,1,2,1,13,0,23,13,22,0,0,0,0,0,0,24,d__Metazoa,p__Chordata,c__Actinopteri,o__Siluriformes,f__Siluridae,g__Silurus,s__Silurus_asotus,118,summer
OTU505,1,0,2,1,11,0,0,1,4,39,61,22,25,23,0,0,0,0,0,0,0,70,87,50,25,1,0,0,1,0,0,0,0,0,0,2,0,2,0,0,0,1,1,0,1,d__Metazoa,p__Chordata,c__Actinopteri,o__Synbranchiformes,f__Mastacembelidae,g__Macrognathus,s__Sinobdella_sinensis,431,summer
OTU4485,1,1,1,1,0,2,2,1,2,0,0,0,0,1,0,0,0,1,1,1,0,61,102,175,0,1,0,0,2,0,19,29,1,0,0,0,13,56,31,87,0,27,28,3,86,d__Metazoa,p__Chordata,c__Actinopteri,o__Cypriniformes,f__Cyprinidae,g__Squaliobarbus,s__Squaliobarbus_curriculus,736,summer
OTU884,1,0,1,0,0,0,39,66,41,0,0,0,2,0,1,1,0,0,77,45,52,2,1,0,0,1,1,5,0,0,0,1,0,0,0,0,0,0,0,0,0,0,1,1,1,d__Metazoa,p__Chordata,c__Actinopteri,o__Cypriniformes,f__Cyprinidae,g__Microphysogobio,s__Microphysogobio_fukiensis,340,summer
OTU629,1,0,1,0,5,0,21,31,0,21,0,0,1,0,0,0,0,0,0,10,4,22,170,173,0,1,0,0,1,0,1,0,1,0,0,1,1,0,1,0,0,2,0,0,0,d__Metazoa,p__Chordata,c__Actinopteri,o__Cypriniformes,f__Acheilognathidae,g__Acheilognathus,s__Acheilognathus_rhombeus,469,summer
OTU2990,1,0,0,0,0,0,0,0,0,0,0,0,0,0,0,0,0,0,0,22,0,1,0,0,24,0,0,0,0,0,7,0,6,0,0,0,0,0,0,0,0,0,0,0,0,d__Metazoa,p__Chordata,c__Actinopteri,o__Cypriniformes,f__Cyprinidae,g__Pseudolaubuca,s__Pseudolaubuca_sinensis,61,summer
OTU572,0,17,0,1,4,0,17,12,44,22,42,40,1,0,0,0,0,1,39,0,0,21,24,1,26,0,28,15,0,1,23,0,0,1,0,0,0,1,0,1,0,27,10,0,0,d__Metazoa,p__Chordata,c__Actinopteri,o__Cypriniformes,f__Cyprinidae,g__Hemibarbus,s__Hemibarbus_labeo,419,summer
OTU642,0,1,0,1,0,1,0,0,1,24,0,10,6,5,25,2,1,0,0,1,7,87,136,142,24,38,25,0,0,2,1,0,0,0,0,0,0,0,0,1,0,0,0,0,0,d__Metazoa,p__Chordata,c__Actinopteri,o__Cypriniformes,f__Acheilognathidae,g__Acheilognathus,s__Acheilognathus_imberbis,541,summer
OTU724,0,3,3,3,1,2,0,2,2,287,346,158,9,10,16,2,1,1,97,109,20,4,2,0,0,1,0,1,2,0,0,28,2,2,0,18,2,1,2,1,1,1,7,2,1,d__Metazoa,p__Chordata,c__Actinopteri,o__Cypriniformes,f__Cyprinidae,g__Chanodichthys,s__Culter_alburnus,1150,summer
OTU3320,0,1,0,0,0,0,0,0,0,0,0,0,0,0,0,1,0,0,0,0,0,0,0,0,0,0,0,1,0,15,0,7,6,0,0,0,0,0,0,21,0,0,0,0,0,d__Metazoa,p__Chordata,c__Actinopteri,o__Siluriformes,f__Bagridae,g__Tachysurus,s__Tachysurus_vachellii,52,summer
OTU2244,0,1,0,0,0,0,0,0,0,0,0,1,0,1,0,0,0,0,0,0,17,0,0,0,0,16,0,0,0,0,0,0,1,0,0,1,1,1,0,0,0,0,1,0,1,d__Metazoa,p__Chordata,c__Actinopteri,o__Acipenseriformes,f__Acipenseridae,g__Acipenser,s__Acipenser_dabryanus_x_Acipenser_schrenckii,42,summer
OTU3103,0,1,0,1,5,0,85,52,9,0,0,2,0,0,0,0,0,0,0,0,0,1,0,1,0,0,1,0,1,1,0,0,0,51,0,0,1,1,0,0,0,0,0,1,0,d__Metazoa,p__Chordata,c__Actinopteri,o__Cypriniformes,f__Cyprinidae,g__Hypophthalmichthys,s__Hypophthalmichthys_molitrix,214,summer
OTU3176,0,1,0,0,0,0,0,0,0,0,0,0,0,0,0,0,0,0,0,0,0,0,0,0,0,0,0,0,7,0,0,0,11,0,11,0,0,0,0,0,0,0,0,0,0,d__Metazoa,p__Chordata,c__Actinopteri,o__Cypriniformes,f__Cyprinidae,g__Saurogobio,s__Saurogobio_gracilicaudatus,30,summer
OTU727,0,0,10,1,0,1,0,0,1,0,1,1,1,0,1,0,1,0,0,9,0,23,126,66,1,15,0,0,0,1,0,9,5,0,0,0,1,0,0,26,0,0,8,1,0,d__Metazoa,p__Chordata,c__Actinopteri,o__Cypriniformes,f__Cyprinidae,g__Saurogobio,s__Saurogobio_dabryi,309,summer
OTU1539,0,0,4,0,0,0,0,0,0,0,0,0,0,0,0,0,0,0,0,1,0,12,0,15,1,14,12,0,0,0,13,9,6,0,0,0,0,0,0,11,0,0,0,18,0,d__Metazoa,p__Chordata,c__Actinopteri,o__Cypriniformes,f__Cyprinidae,g__Sarcocheilichthys,s__Sarcocheilichthys_sinensis,116,summer
OTU2108,0,0,1,0,0,0,4,0,0,16,0,5,0,0,0,0,0,0,0,0,0,1,19,0,0,0,0,0,0,0,0,0,0,0,0,10,0,0,0,0,0,0,1,0,0,d__Metazoa,p__Chordata,c__Actinopteri,o__Mugiliformes,f__Mugilidae,g__Mugil,s__Mugil_cephalus,57,summer
OTU2509,0,0,1,0,0,0,0,0,0,0,39,0,6,9,0,0,0,0,0,0,0,1,0,0,0,0,0,0,0,0,0,0,0,0,0,0,0,0,0,0,0,0,0,0,0,d__Metazoa,p__Chordata,c__Actinopteri,o__Cypriniformes,f__Cobitidae,g__Misgurnus,s__Misgurnus_anguillicaudatus,56,summer
OTU583,0,0,1,0,0,0,19,10,0,1,0,4,0,1,1,0,0,0,1,0,2,112,179,373,39,13,0,1,0,0,1,0,6,1,1,0,2,1,0,1,0,1,1,0,3,d__Metazoa,p__Chordata,c__Actinopteri,o__Cypriniformes,f__Acheilognathidae,g__Rhodeus,s__Rhodeus_uyekii,775,summer
OTU2463,0,0,2,0,0,0,0,0,0,0,0,0,0,0,0,0,0,0,0,0,0,0,0,0,0,0,0,0,0,0,0,0,0,0,0,0,0,0,0,0,0,0,0,0,0,d__Metazoa,p__Chordata,c__Actinopteri,o__Pleuronectiformes,f__Scophthalmidae,g__Scophthalmus,s__Scophthalmus_maximus,2,summer
OTU281,0,0,1,23,27,22,15,35,1,208,165,395,1,7,0,1,2,1,0,0,13,49,61,81,10,0,1,0,0,1,0,0,1,0,0,0,0,0,1,0,0,1,1,0,0,d__Metazoa,p__Chordata,c__Actinopteri,o__Cypriniformes,f__Cyprinidae,g__Acanthorhodeus,s__Acanthorhodeus_chankaensis,1124,summer
OTU569,0,0,0,0,1,17,4,5,2,41,20,20,20,27,16,0,0,0,0,0,0,49,89,60,0,0,0,9,0,0,0,0,0,0,0,0,0,0,2,0,0,22,1,0,1,d__Metazoa,p__Chordata,c__Actinopteri,o__Cypriniformes,f__Cyprinidae,g__Pseudorasbora,s__Pseudorasbora_parva,406,summer
OTU5201,0,0,0,0,0,0,0,0,0,0,0,0,0,0,0,0,0,0,0,0,0,0,0,0,0,0,0,0,0,0,0,0,0,0,0,0,0,0,0,0,0,0,0,17,0,d__Metazoa,p__Chordata,c__Actinopteri,o__Siluriformes,f__Bagridae,g__Tachysurus,s__Tachysurus_eupogon,17,summer
OTU879,0,0,0,0,0,0,1,0,0,0,0,0,1,0,0,0,0,0,8,0,0,1,10,19,22,19,13,0,0,0,8,20,1,0,0,1,0,0,0,41,0,0,9,22,8,d__Metazoa,p__Chordata,c__Actinopteri,o__Siluriformes,f__Bagridae,g__Tachysurus,s__Tachysurus_nitidus,204,summer
OTU87,0,0,0,0,0,0,0,0,0,0,0,0,1,0,0,0,0,1,9,0,0,0,0,0,0,0,0,0,0,0,0,0,0,0,0,0,0,0,0,0,0,0,0,0,0,d__Metazoa,p__Chordata,c__Actinopteri,o__Cichliformes,f__Cichlidae,g__Oreochromis,s__Oreochromis_sp._red_tilapia,11,summer
OTU1798,0,0,0,9,0,23,0,14,0,0,0,0,0,0,0,0,0,0,0,0,0,16,0,0,1,0,0,0,0,0,0,1,1,0,0,0,0,0,0,0,0,0,0,0,0,d__Metazoa,p__Chordata,c__Actinopteri,o__Beloniformes,f__Hemiramphidae,g__Hyporhamphus,s__Hyporhamphus_intermedius,65,summer
OTU15109,0,0,0,20,10,23,4,5,2,1,3,2,0,0,0,0,0,2,0,1,1,0,1,0,0,0,0,0,0,0,0,0,1,1,1,0,0,0,0,0,0,0,0,0,0,d__Metazoa,p__Chordata,c__Actinopteri,o__Cypriniformes,f__Cyprinidae,g__Toxabramis,s__Toxabramis_swinhonis,78,summer
OTU735,0,0,0,0,7,0,1,0,0,15,171,5,12,35,29,0,0,0,0,0,0,1,0,13,2,0,0,0,1,0,1,0,1,0,0,0,1,1,1,0,1,1,0,1,1,d__Metazoa,p__Chordata,c__Actinopteri,o__Synbranchiformes,f__Synbranchidae,g__Monopterus,s__Monopterus_albus,301,summer
OTU1642,0,0,0,0,1,0,0,1,0,0,0,1,0,0,0,0,0,0,13,0,19,12,0,0,0,0,0,0,0,26,1,0,0,30,0,0,0,0,0,0,0,0,10,7,17,d__Metazoa,p__Chordata,c__Actinopteri,o__Cypriniformes,f__Cyprinidae,g__Squalidus,s__Squalidus_argentatus,138,summer
OTU2729,0,0,0,0,0,1,0,0,0,0,0,0,0,0,0,0,0,0,0,1,0,43,0,16,0,0,0,1,0,0,0,0,0,1,0,0,0,0,0,0,0,0,0,0,0,d__Metazoa,p__Chordata,c__Actinopteri,o__Cypriniformes,f__Cobitidae,g__Kichulchoia,s__Kichulchoia_multifasciata,63,summer
OTU6605,0,0,0,0,0,0,9,0,0,0,0,0,0,0,0,0,0,0,0,0,0,0,0,0,0,0,0,0,0,0,0,0,0,0,0,0,0,0,0,0,0,0,0,0,0,d__Metazoa,p__Chordata,c__Actinopteri,o__Cypriniformes,f__Acheilognathidae,g__Rhodeus,s__Rhodeus_ocellatus,9,summer
OTU1579,0,0,0,0,0,0,3,9,0,0,0,41,0,0,0,0,0,0,0,0,0,9,45,0,0,0,0,0,0,0,0,0,0,0,0,0,1,0,1,0,1,0,0,0,0,d__Metazoa,p__Chordata,c__Actinopteri,o__Cypriniformes,f__Acheilognathidae,g__Rhodeus,s__Rhodeus_uyekii,110,summer
OTU6441,0,0,0,0,0,0,2,0,0,0,0,0,0,0,0,0,0,0,0,0,0,0,0,5,0,0,0,0,5,1,0,0,0,0,0,0,0,0,0,0,0,0,0,0,3,d__Metazoa,p__Chordata,c__Actinopteri,o__Gobiiformes,f__Odontobutidae,g__Micropercops,s__Micropercops_swinhonis,16,summer
OTU706,0,0,0,0,0,0,1,0,1,0,1,12,1,1,0,0,1,0,23,23,14,24,38,93,0,16,0,16,1,0,0,0,8,0,0,0,0,0,0,0,0,1,16,20,11,d__Metazoa,p__Chordata,c__Actinopteri,o__Cypriniformes,f__Acheilognathidae,g__Acheilognathus,s__Acheilognathus_rhombeus,322,summer
OTU509,0,0,0,0,0,0,1,0,0,13,27,5,2,0,1,0,2,0,1,0,0,9,70,262,47,0,0,0,0,1,0,0,0,1,0,0,0,1,0,0,0,0,1,0,1,d__Metazoa,p__Chordata,c__Actinopteri,o__Cypriniformes,f__Cyprinidae,g__Sarcocheilichthys,s__Sarcocheilichthys_nigripinnis,445,summer
OTU3515,0,0,0,0,0,0,0,2,7,0,0,0,0,0,0,0,0,0,0,0,0,0,9,0,0,0,0,0,0,0,0,0,0,0,1,0,0,0,0,0,0,0,0,0,0,d__Metazoa,p__Chordata,c__Actinopteri,o__Cypriniformes,f__Acheilognathidae,g__Rhodeus,s__Rhodeus_ocellatus,19,summer
OTU2184,0,0,0,0,0,0,0,1,0,0,0,0,0,0,0,0,0,0,0,0,0,1,0,45,0,0,0,0,0,0,1,0,0,0,0,0,0,0,0,0,0,0,0,0,0,d__Metazoa,p__Chordata,c__Actinopteri,o__Cypriniformes,f__Acheilognathidae,g__Acheilognathus,s__Acheilognathus_rhombeus,48,summer
OTU728,0,0,0,0,0,0,0,0,0,0,0,0,0,0,0,0,0,0,0,0,1,90,11,94,0,8,8,12,0,16,13,2,4,0,0,0,0,0,0,0,0,0,15,0,0,d__Metazoa,p__Chordata,c__Actinopteri,o__Gobiiformes,f__Odontobutidae,g__Odontobutis,s__Odontobutis_sinensis,274,summer
OTU1202,0,0,0,0,0,0,0,0,0,17,21,5,36,42,68,0,0,0,0,0,0,1,1,0,0,0,0,0,0,0,0,0,0,0,0,0,0,0,0,0,0,0,0,0,0,d__Metazoa,p__Chordata,c__Actinopteri,o__Cypriniformes,f__Cobitidae,g__Misgurnus,s__Misgurnus_anguillicaudatus,191,summer
OTU11930,0,0,0,0,0,0,0,0,0,1,1,2,0,0,1,0,0,0,0,0,0,0,1,0,0,0,0,0,0,0,0,0,0,0,0,0,0,0,0,0,0,0,0,0,0,d__Metazoa,p__Chordata,c__Actinopteri,o__Gobiiformes,f__Gobiidae,g__Rhinogobius,s__Rhinogobius_cliffordpopei,6,summer
OTU3582,0,0,0,0,0,0,0,0,0,0,0,14,0,0,0,0,0,0,0,0,0,0,0,0,6,0,0,0,0,0,0,0,0,0,0,0,0,0,0,0,0,0,0,0,0,d__Metazoa,p__Chordata,c__Actinopteri,o__Cypriniformes,f__Cobitidae,g__Cobitis,s__Cobitis_sp._BIWAE_type_B,20,summer
OTU5780,0,0,0,0,0,0,0,0,0,0,0,8,0,0,12,0,0,0,0,0,0,0,0,0,0,0,0,0,0,0,0,0,0,0,0,0,0,0,0,0,0,0,0,0,0,d__Metazoa,p__Chordata,c__Actinopteri,o__Centrarchiformes,f__Centrarchidae,g__Micropterus,s__Micropterus_salmoides_salmoides,20,summer
OTU1535,0,0,0,0,0,0,0,0,0,0,0,1,0,0,1,0,0,0,0,0,0,0,0,0,0,0,0,0,0,0,0,0,0,0,0,0,81,0,0,0,0,0,0,0,0,d__Metazoa,p__Chordata,c__Actinopteri,o__Scombriformes,f__Scombridae,g__Scomber,s__Scomber_japonicus,83,summer
OTU760,0,0,0,0,0,0,0,0,0,0,0,1,0,0,0,0,0,1,0,0,0,69,92,80,1,13,0,0,1,0,0,0,0,0,0,0,0,1,0,0,0,0,0,0,0,d__Metazoa,p__Chordata,c__Actinopteri,o__Cypriniformes,f__Acheilognathidae,g__Acheilognathus,s__Acheilognathus_tabira,259,summer
OTU2677,0,0,0,0,0,0,0,0,0,0,0,0,0,0,0,36,0,0,0,0,0,0,0,0,0,0,0,0,0,0,0,0,0,0,0,0,0,0,0,0,0,0,0,0,0,d__Metazoa,p__Chordata,c__Actinopteri,o__Cypriniformes,f__Cyprinidae,g__Paracanthobrama,s__Paracanthobrama_guichenoti,36,summer
OTU2502,0,0,0,0,0,0,0,0,0,0,0,0,0,0,0,0,0,0,0,12,0,0,0,0,0,0,22,0,0,0,0,0,0,0,0,0,0,0,0,0,0,0,0,0,0,d__Metazoa,p__Chordata,c__Actinopteri,o__Actinopteri_no_rank,f__Sciaenidae,g__Larimichthys,s__Larimichthys_crocea,34,summer
OTU2414,0,0,0,0,0,0,0,0,0,0,0,0,0,0,0,0,0,0,0,0,0,17,33,0,0,0,0,0,0,0,0,0,0,0,0,0,0,0,0,0,0,0,0,1,0,d__Metazoa,p__Chordata,c__Actinopteri,o__Cypriniformes,f__Acheilognathidae,g__Rhodeus,s__Rhodeus_ocellatus,51,summer
OTU4752,0,0,0,0,0,0,0,0,0,0,0,0,0,0,0,0,0,0,0,0,0,0,0,0,16,0,0,0,0,0,0,0,0,0,0,0,0,0,0,0,0,0,0,0,0,d__Metazoa,p__Chordata,c__Actinopteri,o__Cypriniformes,f__Acheilognathidae,g__Tanakia,s__Tanakia_himantegus,16,summer
OTU3745,0,0,0,0,0,0,0,0,0,0,0,0,0,0,0,0,0,0,0,0,0,0,0,0,0,18,0,0,0,0,0,0,0,0,0,0,0,0,0,0,0,0,0,0,0,d__Metazoa,p__Chordata,c__Actinopteri,o__Salmoniformes,f__Salmonidae,g__Salmo,s__Salmo_salar,18,summer
OTU3274,0,0,0,0,0,0,0,0,0,0,0,0,0,0,0,0,0,0,0,0,0,0,0,0,0,0,0,0,0,0,0,13,0,0,10,0,0,0,1,0,0,0,0,0,5,d__Metazoa,p__Chordata,c__Actinopteri,o__Cypriniformes,f__Botiidae,g__Leptobotia,s__Leptobotia_taeniops,29,summer
OTU4528,0,0,0,0,0,0,0,0,0,0,0,0,0,0,0,0,0,0,0,0,0,0,0,0,0,0,0,0,0,0,0,0,0,0,0,0,0,0,0,0,0,0,0,0,18,d__Metazoa,p__Chordata,c__Actinopteri,o__Pleuronectiformes,f__Cynoglossidae,g__Cynoglossus,s__Cynoglossus_gracilis,18,summer
OTU2242,0,0,0,0,0,0,1,0,0,0,0,0,0,0,0,0,0,0,0,0,0,0,0,0,0,0,0,0,0,0,6,0,0,0,0,0,48,0,0,0,0,0,0,0,0,d__Metazoa,p__Chordata,c__Actinopteri,o__Cypriniformes,f__Cyprinidae,g__Mylopharyngodon,s__Mylopharyngodon_piceus,55,summer